checking_account_status,duration,credit_history,purpose,credit_amount,savings,present_employment,installment_rate,personal,other_debtors,present_residence,property,age,other_installment_plans,housing,existing_credits,job,dependents,telephone,foreign_worker,customer_type
A11,6,A34,A43,1169.0,A65,A75,4.0,A93,A101,4.0,A121,67.0,A143,A152,2.0,A173,1,A192,A201,1
A12,48,A32,A43,5951.0,A61,A73,2.0,A92,A101,2.0,A121,22.0,A143,A152,1.0,A173,1,A191,A201,2
A14,12,A34,A46,2096.0,A61,A74,2.0,A93,A101,3.0,A121,49.0,A143,A152,1.0,A172,2,A191,A201,1
A11,42,A32,A42,7882.0,A61,A74,2.0,A93,A103,4.0,A122,45.0,A143,A153,1.0,A173,2,A191,A201,1
A11,24,A33,A40,4870.0,A61,A73,3.0,A93,A101,4.0,A124,53.0,A143,A153,2.0,A173,2,A191,A201,2
A14,36,A32,A46,9055.0,A65,A73,2.0,A93,A101,4.0,A124,35.0,A143,A153,1.0,A172,2,A192,A201,1
A14,24,A32,A42,2835.0,A63,A75,3.0,A93,A101,4.0,A122,53.0,A143,A152,1.0,A173,1,A191,A201,1
A12,36,A32,A41,6948.0,A61,A73,2.0,A93,A101,2.0,A123,35.0,A143,A151,1.0,A174,1,A192,A201,1
A14,12,A32,A43,3059.0,A64,A74,2.0,A91,A101,4.0,A121,61.0,A143,A152,1.0,A172,1,A191,A201,1
A12,30,A34,A40,5234.0,A61,A71,4.0,A94,A101,2.0,A123,28.0,A143,A152,2.0,A174,1,A191,A201,2
A12,12,A32,A40,1295.0,A61,A72,3.0,A92,A101,1.0,A123,25.0,A143,A151,1.0,A173,1,A191,A201,2
A11,48,A32,A49,4308.0,A61,A72,3.0,A92,A101,4.0,A122,24.0,A143,A151,1.0,A173,1,A191,A201,2
A12,12,A32,A43,1567.0,A61,A73,1.0,A92,A101,1.0,A123,22.0,A143,A152,1.0,A173,1,A192,A201,1
A11,24,A34,A40,1199.0,A61,A75,4.0,A93,A101,4.0,A123,60.0,A143,A152,2.0,A172,1,A191,A201,2
A11,15,A32,A40,1403.0,A61,A73,2.0,A92,A101,4.0,A123,28.0,A143,A151,1.0,A173,1,A191,A201,1
A11,24,A32,A43,1282.0,A62,A73,4.0,A92,A101,2.0,A123,32.0,A143,A152,1.0,A172,1,A191,A201,2
A14,24,A34,A43,2424.0,A65,A75,4.0,A93,A101,4.0,A122,53.0,A143,A152,2.0,A173,1,A191,A201,1
A11,30,A30,A49,8072.0,A65,A72,2.0,A93,A101,3.0,A123,25.0,A141,A152,3.0,A173,1,A191,A201,1
A12,24,A32,A41,12579.0,A61,A75,4.0,A92,A101,2.0,A124,44.0,A143,A153,1.0,A174,1,A192,A201,2
A14,24,A32,A43,3430.0,A63,A75,3.0,A93,A101,2.0,A123,31.0,A143,A152,1.0,A173,2,A192,A201,1
A14,9,A34,A40,2134.0,A61,A73,4.0,A93,A101,4.0,A123,48.0,A143,A152,3.0,A173,1,A192,A201,1
A11,6,A32,A43,2647.0,A63,A73,2.0,A93,A101,3.0,A121,44.0,A143,A151,1.0,A173,2,A191,A201,1
A11,10,A34,A40,2241.0,A61,A72,1.0,A93,A101,3.0,A121,48.0,A143,A151,2.0,A172,2,A191,A202,1
A12,12,A34,A41,1804.0,A62,A72,3.0,A93,A101,4.0,A122,44.0,A143,A152,1.0,A173,1,A191,A201,1
A14,10,A34,A42,2069.0,A65,A73,2.0,A94,A101,1.0,A123,26.0,A143,A152,2.0,A173,1,A191,A202,1
A11,6,A32,A42,1374.0,A61,A73,1.0,A93,A101,2.0,A121,36.0,A141,A152,1.0,A172,1,A192,A201,1
A14,6,A30,A43,426.0,A61,A75,4.0,A94,A101,4.0,A123,39.0,A143,A152,1.0,A172,1,A191,A201,1
A13,12,A31,A43,409.0,A64,A73,3.0,A92,A101,3.0,A121,42.0,A143,A151,2.0,A173,1,A191,A201,1
A12,7,A32,A43,2415.0,A61,A73,3.0,A93,A103,2.0,A121,34.0,A143,A152,1.0,A173,1,A191,A201,1
A11,60,A33,A49,6836.0,A61,A75,3.0,A93,A101,4.0,A124,63.0,A143,A152,2.0,A173,1,A192,A201,2
A12,18,A32,A49,1913.0,A64,A72,3.0,A94,A101,3.0,A121,36.0,A141,A152,1.0,A173,1,A192,A201,1
A11,24,A32,A42,4020.0,A61,A73,2.0,A93,A101,2.0,A123,27.0,A142,A152,1.0,A173,1,A191,A201,1
A12,18,A32,A40,5866.0,A62,A73,2.0,A93,A101,2.0,A123,30.0,A143,A152,2.0,A173,1,A192,A201,1
A14,12,A34,A49,1264.0,A65,A75,4.0,A93,A101,4.0,A124,57.0,A143,A151,1.0,A172,1,A191,A201,1
A13,12,A32,A42,1474.0,A61,A72,4.0,A92,A101,1.0,A122,33.0,A141,A152,1.0,A174,1,A192,A201,1
A12,45,A34,A43,4746.0,A61,A72,4.0,A93,A101,2.0,A122,25.0,A143,A152,2.0,A172,1,A191,A201,2
A14,48,A34,A46,6110.0,A61,A73,1.0,A93,A101,3.0,A124,31.0,A141,A153,1.0,A173,1,A192,A201,1
A13,18,A32,A43,2100.0,A61,A73,4.0,A93,A102,2.0,A121,37.0,A142,A152,1.0,A173,1,A191,A201,2
A13,10,A32,A44,1225.0,A61,A73,2.0,A93,A101,2.0,A123,37.0,A143,A152,1.0,A173,1,A192,A201,1
A12,9,A32,A43,458.0,A61,A73,4.0,A93,A101,3.0,A121,24.0,A143,A152,1.0,A173,1,A191,A201,1
A14,30,A32,A43,2333.0,A63,A75,4.0,A93,A101,2.0,A123,30.0,A141,A152,1.0,A174,1,A191,A201,1
A12,12,A32,A43,1158.0,A63,A73,3.0,A91,A101,1.0,A123,26.0,A143,A152,1.0,A173,1,A192,A201,1
A12,18,A33,A45,6204.0,A61,A73,2.0,A93,A101,4.0,A121,44.0,A143,A152,1.0,A172,2,A192,A201,1
A11,30,A34,A41,6187.0,A62,A74,1.0,A94,A101,4.0,A123,24.0,A143,A151,2.0,A173,1,A191,A201,1
A11,48,A34,A41,6143.0,A61,A75,4.0,A92,A101,4.0,A124,58.0,A142,A153,2.0,A172,1,A191,A201,2
A14,11,A34,A40,1393.0,A61,A72,4.0,A92,A101,4.0,A123,35.0,A143,A152,2.0,A174,1,A191,A201,1
A14,36,A32,A43,2299.0,A63,A75,4.0,A93,A101,4.0,A123,39.0,A143,A152,1.0,A173,1,A191,A201,1
A11,6,A32,A41,1352.0,A63,A71,1.0,A92,A101,2.0,A122,23.0,A143,A151,1.0,A171,1,A192,A201,1
A14,11,A34,A40,7228.0,A61,A73,1.0,A93,A101,4.0,A122,39.0,A143,A152,2.0,A172,1,A191,A201,1
A14,12,A32,A43,2073.0,A62,A73,4.0,A92,A102,2.0,A121,28.0,A143,A152,1.0,A173,1,A191,A201,1
A12,24,A33,A42,2333.0,A65,A72,4.0,A93,A101,2.0,A122,29.0,A141,A152,1.0,A172,1,A191,A201,1
A12,27,A33,A41,5965.0,A61,A75,1.0,A93,A101,2.0,A123,30.0,A143,A152,2.0,A174,1,A192,A201,1
A14,12,A32,A43,1262.0,A61,A73,3.0,A93,A101,2.0,A123,25.0,A143,A152,1.0,A173,1,A191,A201,1
A14,18,A32,A41,3378.0,A65,A73,2.0,A93,A101,1.0,A122,31.0,A143,A152,1.0,A173,1,A192,A201,1
A12,36,A33,A40,2225.0,A61,A75,4.0,A93,A101,4.0,A124,57.0,A141,A153,2.0,A173,1,A192,A201,2
A14,6,A31,A40,783.0,A65,A73,1.0,A93,A103,2.0,A121,26.0,A142,A152,1.0,A172,2,A191,A201,1
A12,12,A32,A43,6468.0,A65,A71,2.0,A93,A101,1.0,A124,52.0,A143,A152,1.0,A174,1,A192,A201,2
A14,36,A34,A43,9566.0,A61,A73,2.0,A92,A101,2.0,A123,31.0,A142,A152,2.0,A173,1,A191,A201,1
A13,18,A32,A40,1961.0,A61,A75,3.0,A92,A101,2.0,A123,23.0,A143,A152,1.0,A174,1,A191,A201,1
A11,36,A34,A42,6229.0,A61,A72,4.0,A92,A102,4.0,A124,23.0,A143,A151,2.0,A172,1,A192,A201,2
A12,9,A32,A49,1391.0,A61,A73,2.0,A94,A101,1.0,A121,27.0,A141,A152,1.0,A173,1,A192,A201,1
A12,15,A34,A43,1537.0,A65,A75,4.0,A93,A103,4.0,A121,50.0,A143,A152,2.0,A173,1,A192,A201,1
A12,36,A30,A49,1953.0,A61,A75,4.0,A93,A101,4.0,A124,61.0,A143,A153,1.0,A174,1,A192,A201,2
A12,48,A30,A49,14421.0,A61,A73,2.0,A93,A101,2.0,A123,25.0,A143,A152,1.0,A173,1,A192,A201,2
A14,24,A32,A43,3181.0,A61,A72,4.0,A92,A101,4.0,A122,26.0,A143,A152,1.0,A173,1,A192,A201,1
A14,27,A32,A45,5190.0,A65,A75,4.0,A93,A101,4.0,A122,48.0,A143,A152,4.0,A173,2,A192,A201,1
A14,12,A32,A43,2171.0,A61,A72,2.0,A92,A101,2.0,A123,29.0,A141,A152,1.0,A173,1,A191,A201,1
A12,12,A32,A40,1007.0,A64,A73,4.0,A94,A101,1.0,A121,22.0,A143,A152,1.0,A173,1,A191,A201,1
A14,36,A32,A46,1819.0,A61,A73,4.0,A93,A101,4.0,A124,37.0,A142,A153,1.0,A173,1,A192,A201,2
A14,36,A32,A43,2394.0,A65,A73,4.0,A92,A101,4.0,A123,25.0,A143,A152,1.0,A173,1,A191,A201,1
A14,36,A32,A41,8133.0,A61,A73,1.0,A92,A101,2.0,A122,30.0,A141,A152,1.0,A173,1,A191,A201,1
A14,7,A34,A43,730.0,A65,A75,4.0,A93,A101,2.0,A122,46.0,A143,A151,2.0,A172,1,A192,A201,1
A11,8,A34,A410,1164.0,A61,A75,3.0,A93,A101,4.0,A124,51.0,A141,A153,2.0,A174,2,A192,A201,1
A12,42,A34,A49,5954.0,A61,A74,2.0,A92,A101,1.0,A121,41.0,A141,A152,2.0,A172,1,A191,A201,1
A11,36,A32,A46,1977.0,A65,A75,4.0,A93,A101,4.0,A124,40.0,A143,A152,1.0,A174,1,A192,A201,2
A11,12,A34,A41,1526.0,A61,A75,4.0,A93,A101,4.0,A124,66.0,A143,A153,2.0,A174,1,A191,A201,1
A11,42,A32,A43,3965.0,A61,A72,4.0,A93,A101,3.0,A123,34.0,A143,A152,1.0,A173,1,A191,A201,2
A12,11,A33,A43,4771.0,A61,A74,2.0,A93,A101,4.0,A122,51.0,A143,A152,1.0,A173,1,A191,A201,1
A14,54,A30,A41,9436.0,A65,A73,2.0,A93,A101,2.0,A122,39.0,A143,A152,1.0,A172,2,A191,A201,1
A12,30,A32,A42,3832.0,A61,A72,2.0,A94,A101,1.0,A122,22.0,A143,A152,1.0,A173,1,A191,A201,1
A14,24,A32,A43,5943.0,A65,A72,1.0,A92,A101,1.0,A123,44.0,A143,A152,2.0,A173,1,A192,A201,2
A14,15,A32,A43,1213.0,A63,A75,4.0,A93,A101,3.0,A122,47.0,A142,A152,1.0,A173,1,A192,A201,1
A14,18,A32,A49,1568.0,A62,A73,3.0,A92,A101,4.0,A122,24.0,A143,A151,1.0,A172,1,A191,A201,1
A11,24,A32,A410,1755.0,A61,A75,4.0,A92,A103,4.0,A121,58.0,A143,A152,1.0,A172,1,A192,A201,1
A11,10,A32,A43,2315.0,A61,A75,3.0,A93,A101,4.0,A121,52.0,A143,A152,1.0,A172,1,A191,A201,1
A14,12,A34,A49,1412.0,A61,A73,4.0,A92,A103,2.0,A121,29.0,A143,A152,2.0,A174,1,A192,A201,1
A12,18,A34,A42,1295.0,A61,A72,4.0,A92,A101,1.0,A122,27.0,A143,A152,2.0,A173,1,A191,A201,1
A12,36,A32,A46,12612.0,A62,A73,1.0,A93,A101,4.0,A124,47.0,A143,A153,1.0,A173,2,A192,A201,2
A11,18,A32,A40,2249.0,A62,A74,4.0,A93,A101,3.0,A123,30.0,A143,A152,1.0,A174,2,A192,A201,1
A11,12,A30,A45,1108.0,A61,A74,4.0,A93,A101,3.0,A121,28.0,A143,A152,2.0,A173,1,A191,A201,2
A14,12,A34,A43,618.0,A61,A75,4.0,A93,A101,4.0,A121,56.0,A143,A152,1.0,A173,1,A191,A201,1
A11,12,A34,A41,1409.0,A61,A75,4.0,A93,A101,3.0,A121,54.0,A143,A152,1.0,A173,1,A191,A201,1
A14,12,A34,A43,797.0,A65,A75,4.0,A92,A101,3.0,A122,33.0,A141,A152,1.0,A172,2,A191,A201,2
A13,24,A34,A42,3617.0,A65,A75,4.0,A93,A102,4.0,A124,20.0,A143,A151,2.0,A173,1,A191,A201,1
A12,12,A32,A40,1318.0,A64,A75,4.0,A93,A101,4.0,A121,54.0,A143,A152,1.0,A173,1,A192,A201,1
A12,54,A30,A49,15945.0,A61,A72,3.0,A93,A101,4.0,A124,58.0,A143,A151,1.0,A173,1,A192,A201,2
A14,12,A34,A46,2012.0,A65,A74,4.0,A92,A101,2.0,A123,61.0,A143,A152,1.0,A173,1,A191,A201,1
A12,18,A32,A49,2622.0,A62,A73,4.0,A93,A101,4.0,A123,34.0,A143,A152,1.0,A173,1,A191,A201,1
A12,36,A34,A43,2337.0,A61,A75,4.0,A93,A101,4.0,A121,36.0,A143,A152,1.0,A173,1,A191,A201,1
A12,20,A33,A41,7057.0,A65,A74,3.0,A93,A101,4.0,A122,36.0,A141,A151,2.0,A174,2,A192,A201,1
A14,24,A32,A40,1469.0,A62,A75,4.0,A94,A101,4.0,A121,41.0,A143,A151,1.0,A172,1,A191,A201,1
A12,36,A32,A43,2323.0,A61,A74,4.0,A93,A101,4.0,A123,24.0,A143,A151,1.0,A173,1,A191,A201,1
A14,6,A33,A43,932.0,A61,A73,3.0,A92,A101,2.0,A121,24.0,A143,A152,1.0,A173,1,A191,A201,1
A12,9,A34,A42,1919.0,A61,A74,4.0,A93,A101,3.0,A123,35.0,A143,A151,1.0,A173,1,A192,A201,1
A14,12,A32,A41,2445.0,A65,A72,2.0,A94,A101,4.0,A123,26.0,A143,A151,1.0,A173,1,A192,A201,1
A12,24,A34,A410,11938.0,A61,A73,2.0,A93,A102,3.0,A123,39.0,A143,A152,2.0,A174,2,A192,A201,2
A14,18,A31,A40,6458.0,A61,A75,2.0,A93,A101,4.0,A124,39.0,A141,A152,2.0,A174,2,A192,A201,2
A12,12,A32,A40,6078.0,A61,A74,2.0,A93,A101,2.0,A123,32.0,A143,A152,1.0,A173,1,A191,A201,1
A11,24,A32,A42,7721.0,A65,A72,1.0,A92,A101,2.0,A122,30.0,A143,A152,1.0,A173,1,A192,A202,1
A12,14,A32,A49,1410.0,A63,A75,1.0,A94,A101,2.0,A121,35.0,A143,A152,1.0,A173,1,A192,A201,1
A12,6,A33,A49,1449.0,A62,A75,1.0,A91,A101,2.0,A123,31.0,A141,A152,2.0,A173,2,A191,A201,1
A13,15,A32,A46,392.0,A61,A72,4.0,A92,A101,4.0,A122,23.0,A143,A151,1.0,A173,1,A192,A201,1
A12,18,A32,A40,6260.0,A61,A74,3.0,A93,A101,3.0,A121,28.0,A143,A151,1.0,A172,1,A191,A201,1
A14,36,A34,A40,7855.0,A61,A73,4.0,A92,A101,2.0,A121,25.0,A142,A152,2.0,A173,1,A192,A201,2
A11,12,A32,A43,1680.0,A63,A75,3.0,A94,A101,1.0,A121,35.0,A143,A152,1.0,A173,1,A191,A201,1
A14,48,A34,A43,3578.0,A65,A75,4.0,A93,A101,1.0,A121,47.0,A143,A152,1.0,A173,1,A192,A201,1
A11,42,A32,A43,7174.0,A65,A74,4.0,A92,A101,3.0,A123,30.0,A143,A152,1.0,A174,1,A192,A201,2
A11,10,A34,A42,2132.0,A65,A72,2.0,A92,A102,3.0,A121,27.0,A143,A151,2.0,A173,1,A191,A202,1
A11,33,A34,A42,4281.0,A63,A73,1.0,A92,A101,4.0,A123,23.0,A143,A152,2.0,A173,1,A191,A201,2
A12,12,A34,A40,2366.0,A63,A74,3.0,A91,A101,3.0,A123,36.0,A143,A152,1.0,A174,1,A192,A201,1
A11,21,A32,A43,1835.0,A61,A73,3.0,A92,A101,2.0,A121,25.0,A143,A152,2.0,A173,1,A192,A201,2
A14,24,A34,A41,3868.0,A61,A75,4.0,A92,A101,2.0,A123,41.0,A143,A151,2.0,A174,1,A192,A201,1
A14,12,A32,A42,1768.0,A61,A73,3.0,A93,A101,2.0,A121,24.0,A143,A151,1.0,A172,1,A191,A201,1
A13,10,A34,A40,781.0,A61,A75,4.0,A93,A101,4.0,A124,63.0,A143,A153,2.0,A173,1,A192,A201,1
A12,18,A32,A42,1924.0,A65,A72,4.0,A92,A101,3.0,A121,27.0,A143,A151,1.0,A173,1,A191,A201,2
A11,12,A34,A40,2121.0,A61,A73,4.0,A93,A101,2.0,A122,30.0,A143,A152,2.0,A173,1,A191,A201,1
A11,12,A32,A43,701.0,A61,A73,4.0,A94,A101,2.0,A121,40.0,A143,A152,1.0,A172,1,A191,A201,1
A12,12,A32,A45,639.0,A61,A73,4.0,A93,A101,2.0,A123,30.0,A143,A152,1.0,A173,1,A191,A201,2
A12,12,A34,A41,1860.0,A61,A71,4.0,A93,A101,2.0,A123,34.0,A143,A152,2.0,A174,1,A192,A201,1
A11,12,A34,A40,3499.0,A61,A73,3.0,A92,A102,2.0,A121,29.0,A143,A152,2.0,A173,1,A191,A201,2
A12,48,A32,A40,8487.0,A65,A74,1.0,A92,A101,2.0,A123,24.0,A143,A152,1.0,A173,1,A191,A201,1
A11,36,A33,A46,6887.0,A61,A73,4.0,A93,A101,3.0,A122,29.0,A142,A152,1.0,A173,1,A192,A201,2
A14,15,A32,A42,2708.0,A61,A72,2.0,A93,A101,3.0,A122,27.0,A141,A152,2.0,A172,1,A191,A201,1
A14,18,A32,A42,1984.0,A61,A73,4.0,A93,A101,4.0,A124,47.0,A141,A153,2.0,A173,1,A191,A201,1
A14,60,A32,A43,10144.0,A62,A74,2.0,A92,A101,4.0,A121,21.0,A143,A152,1.0,A173,1,A192,A201,1
A14,12,A34,A43,1240.0,A65,A75,4.0,A92,A101,2.0,A121,38.0,A143,A152,2.0,A173,1,A192,A201,1
A14,27,A33,A41,8613.0,A64,A73,2.0,A93,A101,2.0,A123,27.0,A143,A152,2.0,A173,1,A191,A201,1
A12,12,A32,A43,766.0,A63,A73,4.0,A93,A101,3.0,A121,66.0,A143,A152,1.0,A172,1,A191,A201,2
A12,15,A34,A43,2728.0,A65,A74,4.0,A93,A103,2.0,A121,35.0,A141,A152,3.0,A173,1,A192,A201,1
A13,12,A32,A43,1881.0,A61,A73,2.0,A92,A101,2.0,A123,44.0,A143,A151,1.0,A172,1,A192,A201,1
A13,6,A32,A40,709.0,A64,A72,2.0,A94,A101,2.0,A121,27.0,A143,A152,1.0,A171,1,A191,A202,1
A12,36,A32,A43,4795.0,A61,A72,4.0,A92,A101,1.0,A124,30.0,A143,A152,1.0,A174,1,A192,A201,1
A11,27,A32,A43,3416.0,A61,A73,3.0,A93,A101,2.0,A123,27.0,A143,A152,1.0,A174,1,A191,A201,1
A11,18,A32,A42,2462.0,A61,A73,2.0,A93,A101,2.0,A123,22.0,A143,A152,1.0,A173,1,A191,A201,2
A14,21,A34,A42,2288.0,A61,A72,4.0,A92,A101,4.0,A122,23.0,A143,A152,1.0,A173,1,A192,A201,1
A12,48,A31,A49,3566.0,A62,A74,4.0,A93,A101,2.0,A123,30.0,A143,A152,1.0,A173,1,A191,A201,1
A11,6,A34,A40,860.0,A61,A75,1.0,A92,A101,4.0,A124,39.0,A143,A152,2.0,A173,1,A192,A201,1
A14,12,A34,A40,682.0,A62,A74,4.0,A92,A101,3.0,A123,51.0,A143,A152,2.0,A173,1,A192,A201,1
A11,36,A34,A42,5371.0,A61,A73,3.0,A93,A103,2.0,A122,28.0,A143,A152,2.0,A173,1,A191,A201,1
A14,18,A34,A43,1582.0,A64,A75,4.0,A93,A101,4.0,A123,46.0,A143,A152,2.0,A173,1,A191,A201,1
A14,6,A32,A43,1346.0,A62,A75,2.0,A93,A101,4.0,A124,42.0,A141,A153,1.0,A173,2,A192,A201,1
A14,10,A32,A43,1924.0,A61,A73,1.0,A93,A101,4.0,A122,38.0,A143,A152,1.0,A173,1,A192,A202,1
A13,36,A32,A43,5848.0,A61,A73,4.0,A93,A101,1.0,A123,24.0,A143,A152,1.0,A173,1,A191,A201,1
A12,24,A34,A41,7758.0,A64,A75,2.0,A92,A101,4.0,A124,29.0,A143,A151,1.0,A173,1,A191,A201,1
A12,24,A33,A49,6967.0,A62,A74,4.0,A93,A101,4.0,A123,36.0,A143,A151,1.0,A174,1,A192,A201,1
A11,12,A32,A42,1282.0,A61,A73,2.0,A92,A101,4.0,A123,20.0,A143,A151,1.0,A173,1,A191,A201,2
A11,9,A34,A45,1288.0,A62,A75,3.0,A93,A103,4.0,A121,48.0,A143,A152,2.0,A173,2,A191,A202,1
A11,12,A31,A48,339.0,A61,A75,4.0,A94,A101,1.0,A123,45.0,A141,A152,1.0,A172,1,A191,A201,1
A12,24,A32,A40,3512.0,A62,A74,2.0,A93,A101,3.0,A123,38.0,A141,A152,2.0,A173,1,A192,A201,1
A14,6,A34,A43,1898.0,A65,A73,1.0,A93,A101,2.0,A121,34.0,A143,A152,2.0,A172,2,A191,A201,1
A14,24,A34,A43,2872.0,A62,A75,3.0,A93,A101,4.0,A121,36.0,A143,A152,1.0,A173,2,A192,A201,1
A14,18,A34,A40,1055.0,A61,A72,4.0,A92,A101,1.0,A122,30.0,A143,A152,2.0,A173,1,A191,A201,1
A14,15,A32,A44,1262.0,A63,A74,4.0,A93,A101,3.0,A122,36.0,A143,A152,2.0,A173,1,A192,A201,1
A12,10,A32,A40,7308.0,A61,A71,2.0,A93,A101,4.0,A124,70.0,A141,A153,1.0,A174,1,A192,A201,1
A14,36,A32,A40,909.0,A63,A75,4.0,A93,A101,4.0,A122,36.0,A143,A152,1.0,A173,1,A191,A201,1
A14,6,A32,A42,2978.0,A63,A73,1.0,A93,A101,2.0,A123,32.0,A143,A152,1.0,A173,1,A192,A201,1
A11,18,A32,A42,1131.0,A61,A71,4.0,A92,A101,2.0,A123,33.0,A143,A152,1.0,A173,1,A191,A201,2
A12,11,A32,A42,1577.0,A64,A72,4.0,A92,A101,1.0,A121,20.0,A143,A152,1.0,A173,1,A191,A201,1
A14,24,A32,A42,3972.0,A61,A74,2.0,A92,A101,4.0,A122,25.0,A143,A151,1.0,A173,1,A192,A201,1
A12,24,A34,A49,1935.0,A61,A75,4.0,A91,A101,4.0,A121,31.0,A143,A152,2.0,A173,1,A192,A201,2
A11,15,A30,A40,950.0,A61,A75,4.0,A93,A101,3.0,A123,33.0,A143,A151,2.0,A173,2,A191,A201,2
A14,12,A32,A42,763.0,A61,A73,4.0,A92,A101,1.0,A121,26.0,A143,A152,1.0,A173,1,A192,A201,1
A12,24,A33,A42,2064.0,A61,A71,3.0,A92,A101,2.0,A122,34.0,A143,A152,1.0,A174,1,A192,A201,2
A12,8,A32,A43,1414.0,A61,A73,4.0,A93,A103,2.0,A121,33.0,A143,A152,1.0,A173,1,A191,A202,1
A11,21,A33,A46,3414.0,A61,A72,2.0,A93,A101,1.0,A122,26.0,A143,A152,2.0,A173,1,A191,A201,2
A14,30,A31,A41,7485.0,A65,A71,4.0,A92,A101,1.0,A121,53.0,A141,A152,1.0,A174,1,A192,A201,2
A11,12,A32,A42,2577.0,A61,A73,2.0,A91,A101,1.0,A123,42.0,A143,A152,1.0,A173,1,A191,A201,1
A11,6,A34,A43,338.0,A63,A75,4.0,A93,A101,4.0,A123,52.0,A143,A152,2.0,A173,1,A191,A201,1
A14,12,A32,A43,1963.0,A61,A74,4.0,A93,A101,2.0,A123,31.0,A143,A151,2.0,A174,2,A192,A201,1
A11,21,A34,A40,571.0,A61,A75,4.0,A93,A101,4.0,A121,65.0,A143,A152,2.0,A173,1,A191,A201,1
A14,36,A33,A49,9572.0,A61,A72,1.0,A91,A101,1.0,A123,28.0,A143,A152,2.0,A173,1,A191,A201,2
A12,36,A33,A49,4455.0,A61,A73,2.0,A91,A101,2.0,A121,30.0,A142,A152,2.0,A174,1,A192,A201,2
A11,21,A31,A40,1647.0,A65,A73,4.0,A93,A101,2.0,A122,40.0,A143,A152,2.0,A172,2,A191,A201,2
A14,24,A34,A42,3777.0,A64,A73,4.0,A93,A101,4.0,A121,50.0,A143,A152,1.0,A173,1,A192,A201,1
A12,18,A34,A40,884.0,A61,A75,4.0,A93,A101,4.0,A123,36.0,A141,A152,1.0,A173,2,A192,A201,2
A14,15,A34,A43,1360.0,A61,A73,4.0,A93,A101,2.0,A122,31.0,A143,A152,2.0,A173,1,A191,A201,1
A12,9,A31,A41,5129.0,A61,A75,2.0,A92,A101,4.0,A124,74.0,A141,A153,1.0,A174,2,A192,A201,2
A12,16,A34,A40,1175.0,A61,A71,2.0,A93,A101,3.0,A123,68.0,A143,A153,3.0,A171,1,A192,A201,1
A11,12,A32,A43,674.0,A62,A74,4.0,A94,A101,1.0,A122,20.0,A143,A152,1.0,A173,1,A191,A201,2
A12,18,A30,A42,3244.0,A61,A73,1.0,A92,A101,4.0,A123,33.0,A141,A152,2.0,A173,1,A192,A201,1
A14,24,A32,A49,4591.0,A64,A73,2.0,A93,A101,3.0,A122,54.0,A143,A152,3.0,A174,1,A192,A201,2
A12,48,A30,A49,3844.0,A62,A74,4.0,A93,A101,4.0,A124,34.0,A143,A153,1.0,A172,2,A191,A201,2
A12,27,A32,A49,3915.0,A61,A73,4.0,A93,A101,2.0,A123,36.0,A143,A152,1.0,A173,2,A192,A201,2
A14,6,A32,A43,2108.0,A61,A74,2.0,A94,A101,2.0,A121,29.0,A143,A151,1.0,A173,1,A191,A201,1
A12,45,A32,A43,3031.0,A62,A73,4.0,A93,A103,4.0,A122,21.0,A143,A151,1.0,A173,1,A191,A201,2
A12,9,A34,A46,1501.0,A61,A75,2.0,A92,A101,3.0,A123,34.0,A143,A152,2.0,A174,1,A192,A201,2
A14,6,A34,A43,1382.0,A61,A73,1.0,A92,A101,1.0,A123,28.0,A143,A152,2.0,A173,1,A192,A201,1
A12,12,A32,A42,951.0,A62,A72,4.0,A92,A101,4.0,A123,27.0,A141,A151,4.0,A173,1,A191,A201,2
A12,24,A32,A41,2760.0,A65,A75,4.0,A93,A101,4.0,A124,36.0,A141,A153,1.0,A173,1,A192,A201,1
A12,18,A33,A42,4297.0,A61,A75,4.0,A91,A101,3.0,A124,40.0,A143,A152,1.0,A174,1,A192,A201,2
A14,9,A34,A46,936.0,A63,A75,4.0,A93,A101,2.0,A123,52.0,A143,A152,2.0,A173,1,A192,A201,1
A11,12,A32,A40,1168.0,A61,A73,4.0,A94,A101,3.0,A121,27.0,A143,A152,1.0,A172,1,A191,A201,1
A14,27,A33,A49,5117.0,A61,A74,3.0,A93,A101,4.0,A123,26.0,A143,A152,2.0,A173,1,A191,A201,1
A11,12,A32,A48,902.0,A61,A74,4.0,A94,A101,4.0,A122,21.0,A143,A151,1.0,A173,1,A191,A201,2
A14,12,A34,A40,1495.0,A61,A75,4.0,A93,A101,1.0,A121,38.0,A143,A152,2.0,A172,2,A191,A201,1
A11,30,A34,A41,10623.0,A61,A75,3.0,A93,A101,4.0,A124,38.0,A143,A153,3.0,A174,2,A192,A201,1
A14,12,A34,A42,1935.0,A61,A75,4.0,A93,A101,4.0,A121,43.0,A143,A152,3.0,A173,1,A192,A201,1
A12,12,A34,A44,1424.0,A61,A74,4.0,A93,A101,3.0,A122,26.0,A143,A152,1.0,A173,1,A191,A201,1
A11,24,A32,A49,6568.0,A61,A73,2.0,A94,A101,2.0,A123,21.0,A142,A152,1.0,A172,1,A191,A201,1
A14,12,A32,A41,1413.0,A64,A74,3.0,A93,A101,2.0,A122,55.0,A143,A152,1.0,A173,1,A191,A202,1
A14,9,A34,A43,3074.0,A65,A73,1.0,A93,A101,2.0,A121,33.0,A143,A152,2.0,A173,2,A191,A201,1
A14,36,A32,A43,3835.0,A65,A75,2.0,A92,A101,4.0,A121,45.0,A143,A152,1.0,A172,1,A192,A201,1
A11,27,A30,A49,5293.0,A61,A71,2.0,A93,A101,4.0,A122,50.0,A142,A152,2.0,A173,1,A192,A201,2
A13,30,A33,A49,1908.0,A61,A75,4.0,A93,A101,4.0,A121,66.0,A143,A152,1.0,A174,1,A192,A201,2
A14,36,A34,A43,3342.0,A65,A75,4.0,A93,A101,2.0,A123,51.0,A143,A152,1.0,A173,1,A192,A201,1
A12,6,A34,A48,932.0,A65,A74,1.0,A92,A101,3.0,A122,39.0,A143,A152,2.0,A172,1,A191,A201,1
A11,18,A30,A49,3104.0,A61,A74,3.0,A93,A101,1.0,A122,31.0,A141,A152,1.0,A173,1,A192,A201,1
A13,36,A32,A43,3913.0,A61,A73,2.0,A93,A101,2.0,A121,23.0,A143,A152,1.0,A173,1,A192,A201,1
A11,24,A32,A42,3021.0,A61,A73,2.0,A91,A101,2.0,A121,24.0,A143,A151,1.0,A172,1,A191,A201,1
A14,10,A32,A40,1364.0,A61,A73,2.0,A92,A101,4.0,A123,64.0,A143,A152,1.0,A173,1,A192,A201,1
A12,12,A32,A43,625.0,A61,A72,4.0,A94,A103,1.0,A121,26.0,A141,A152,1.0,A172,1,A191,A201,1
A11,12,A32,A46,1200.0,A65,A73,4.0,A92,A101,4.0,A122,23.0,A141,A151,1.0,A173,1,A192,A201,1
A14,12,A32,A43,707.0,A61,A73,4.0,A93,A101,2.0,A121,30.0,A141,A152,2.0,A173,1,A191,A201,1
A14,24,A33,A49,2978.0,A65,A73,4.0,A93,A101,4.0,A121,32.0,A143,A152,2.0,A173,2,A192,A201,1
A14,15,A32,A41,4657.0,A61,A73,3.0,A93,A101,2.0,A123,30.0,A143,A152,1.0,A173,1,A192,A201,1
A14,36,A30,A45,2613.0,A61,A73,4.0,A93,A101,2.0,A123,27.0,A143,A152,2.0,A173,1,A191,A201,1
A12,48,A32,A43,10961.0,A64,A74,1.0,A93,A102,2.0,A124,27.0,A141,A152,2.0,A173,1,A192,A201,2
A11,12,A32,A42,7865.0,A61,A75,4.0,A93,A101,4.0,A124,53.0,A143,A153,1.0,A174,1,A192,A201,2
A14,9,A32,A43,1478.0,A61,A74,4.0,A93,A101,2.0,A123,22.0,A143,A152,1.0,A173,1,A191,A201,2
A11,24,A32,A42,3149.0,A61,A72,4.0,A93,A101,1.0,A124,22.0,A141,A153,1.0,A173,1,A191,A201,1
A13,36,A32,A43,4210.0,A61,A73,4.0,A93,A101,2.0,A123,26.0,A143,A152,1.0,A173,1,A191,A201,2
A14,9,A32,A40,2507.0,A63,A75,2.0,A93,A101,4.0,A124,51.0,A143,A153,1.0,A172,1,A191,A201,1
A14,12,A32,A43,2141.0,A62,A74,3.0,A93,A101,1.0,A124,35.0,A143,A152,1.0,A173,1,A191,A201,1
A12,18,A32,A43,866.0,A61,A73,4.0,A94,A103,2.0,A121,25.0,A143,A152,1.0,A172,1,A191,A201,1
A14,4,A34,A43,1544.0,A61,A74,2.0,A93,A101,1.0,A121,42.0,A143,A152,3.0,A172,2,A191,A201,1
A11,24,A32,A43,1823.0,A61,A71,4.0,A93,A101,2.0,A123,30.0,A142,A152,1.0,A174,2,A191,A201,2
A12,6,A32,A40,14555.0,A65,A71,1.0,A93,A101,2.0,A122,23.0,A143,A152,1.0,A171,1,A192,A201,2
A12,21,A32,A49,2767.0,A62,A75,4.0,A91,A101,2.0,A123,61.0,A141,A151,2.0,A172,1,A191,A201,2
A14,12,A34,A43,1291.0,A61,A73,4.0,A92,A101,2.0,A122,35.0,A143,A152,2.0,A173,1,A191,A201,1
A11,30,A32,A43,2522.0,A61,A75,1.0,A93,A103,3.0,A122,39.0,A143,A152,1.0,A173,2,A191,A201,1
A11,24,A32,A40,915.0,A65,A75,4.0,A92,A101,2.0,A123,29.0,A141,A152,1.0,A173,1,A191,A201,2
A14,6,A32,A43,1595.0,A61,A74,3.0,A93,A101,2.0,A122,51.0,A143,A152,1.0,A173,2,A191,A201,1
A11,48,A30,A41,4605.0,A61,A75,3.0,A93,A101,4.0,A124,24.0,A143,A153,2.0,A173,2,A191,A201,2
A14,12,A34,A49,1185.0,A61,A73,3.0,A92,A101,2.0,A121,27.0,A143,A152,2.0,A173,1,A191,A201,1
A14,12,A31,A48,3447.0,A63,A73,4.0,A92,A101,3.0,A121,35.0,A143,A152,1.0,A172,2,A191,A201,1
A14,24,A32,A49,1258.0,A61,A74,4.0,A93,A101,1.0,A121,25.0,A143,A152,1.0,A173,1,A192,A201,1
A14,12,A34,A43,717.0,A61,A75,4.0,A93,A101,4.0,A121,52.0,A143,A152,3.0,A173,1,A191,A201,1
A14,6,A30,A40,1204.0,A62,A73,4.0,A93,A101,1.0,A124,35.0,A141,A151,1.0,A173,1,A191,A202,1
A13,24,A32,A42,1925.0,A61,A73,2.0,A93,A101,2.0,A121,26.0,A143,A152,1.0,A173,1,A191,A201,1
A14,18,A32,A43,433.0,A61,A71,3.0,A92,A102,4.0,A121,22.0,A143,A151,1.0,A173,1,A191,A201,2
A11,6,A34,A40,666.0,A64,A74,3.0,A92,A101,4.0,A121,39.0,A143,A152,2.0,A172,1,A192,A201,1
A13,12,A32,A42,2251.0,A61,A73,1.0,A92,A101,2.0,A123,46.0,A143,A152,1.0,A172,1,A191,A201,1
A12,30,A32,A40,2150.0,A61,A73,4.0,A92,A103,2.0,A124,24.0,A141,A152,1.0,A173,1,A191,A201,2
A14,24,A33,A42,4151.0,A62,A73,2.0,A93,A101,3.0,A122,35.0,A143,A152,2.0,A173,1,A191,A201,1
A12,9,A32,A42,2030.0,A65,A74,2.0,A93,A101,1.0,A123,24.0,A143,A152,1.0,A173,1,A192,A201,1
A12,60,A33,A43,7418.0,A65,A73,1.0,A93,A101,1.0,A121,27.0,A143,A152,1.0,A172,1,A191,A201,1
A14,24,A34,A43,2684.0,A61,A73,4.0,A93,A101,2.0,A121,35.0,A143,A152,2.0,A172,1,A191,A201,1
A11,12,A31,A43,2149.0,A61,A73,4.0,A91,A101,1.0,A124,29.0,A143,A153,1.0,A173,1,A191,A201,2
A14,15,A32,A41,3812.0,A62,A72,1.0,A92,A101,4.0,A123,23.0,A143,A152,1.0,A173,1,A192,A201,1
A14,11,A34,A43,1154.0,A62,A71,4.0,A92,A101,4.0,A121,57.0,A143,A152,3.0,A172,1,A191,A201,1
A11,12,A32,A42,1657.0,A61,A73,2.0,A93,A101,2.0,A121,27.0,A143,A152,1.0,A173,1,A191,A201,1
A11,24,A32,A43,1603.0,A61,A75,4.0,A92,A101,4.0,A123,55.0,A143,A152,1.0,A173,1,A191,A201,1
A11,18,A34,A40,5302.0,A61,A75,2.0,A93,A101,4.0,A124,36.0,A143,A153,3.0,A174,1,A192,A201,1
A14,12,A34,A46,2748.0,A61,A75,2.0,A92,A101,4.0,A124,57.0,A141,A153,3.0,A172,1,A191,A201,1
A14,10,A34,A40,1231.0,A61,A75,3.0,A93,A101,4.0,A121,32.0,A143,A152,2.0,A172,2,A191,A202,1
A12,15,A32,A43,802.0,A61,A75,4.0,A93,A101,3.0,A123,37.0,A143,A152,1.0,A173,2,A191,A201,2
A14,36,A34,A49,6304.0,A65,A75,4.0,A93,A101,4.0,A121,36.0,A143,A152,2.0,A173,1,A191,A201,1
A14,24,A32,A43,1533.0,A61,A72,4.0,A92,A101,3.0,A123,38.0,A142,A152,1.0,A173,1,A192,A201,1
A11,14,A32,A40,8978.0,A61,A75,1.0,A91,A101,4.0,A122,45.0,A143,A152,1.0,A174,1,A192,A202,2
A14,24,A32,A43,999.0,A65,A75,4.0,A93,A101,2.0,A123,25.0,A143,A152,2.0,A173,1,A191,A201,1
A14,18,A32,A40,2662.0,A65,A74,4.0,A93,A101,3.0,A122,32.0,A143,A152,1.0,A173,1,A191,A202,1
A14,12,A34,A42,1402.0,A63,A74,3.0,A92,A101,4.0,A123,37.0,A143,A151,1.0,A173,1,A192,A201,1
A12,48,A31,A40,12169.0,A65,A71,4.0,A93,A102,4.0,A124,36.0,A143,A153,1.0,A174,1,A192,A201,1
A12,48,A32,A43,3060.0,A61,A74,4.0,A93,A101,4.0,A121,28.0,A143,A152,2.0,A173,1,A191,A201,2
A11,30,A32,A45,11998.0,A61,A72,1.0,A91,A101,1.0,A124,34.0,A143,A152,1.0,A172,1,A192,A201,2
A14,9,A32,A43,2697.0,A61,A73,1.0,A93,A101,2.0,A121,32.0,A143,A152,1.0,A173,2,A191,A201,1
A14,18,A34,A43,2404.0,A61,A73,2.0,A92,A101,2.0,A123,26.0,A143,A152,2.0,A173,1,A191,A201,1
A11,12,A32,A42,1262.0,A65,A75,2.0,A91,A101,4.0,A122,49.0,A143,A152,1.0,A172,1,A192,A201,1
A14,6,A32,A42,4611.0,A61,A72,1.0,A92,A101,4.0,A122,32.0,A143,A152,1.0,A173,1,A191,A201,2
A14,24,A32,A43,1901.0,A62,A73,4.0,A93,A101,4.0,A123,29.0,A143,A151,1.0,A174,1,A192,A201,1
A14,15,A34,A41,3368.0,A64,A75,3.0,A93,A101,4.0,A124,23.0,A143,A151,2.0,A173,1,A192,A201,1
A14,12,A32,A42,1574.0,A61,A73,4.0,A93,A101,2.0,A121,50.0,A143,A152,1.0,A173,1,A191,A201,1
A13,18,A31,A43,1445.0,A65,A74,4.0,A93,A101,4.0,A123,49.0,A141,A152,1.0,A172,1,A191,A201,1
A14,15,A34,A42,1520.0,A65,A75,4.0,A93,A101,4.0,A122,63.0,A143,A152,1.0,A173,1,A191,A201,1
A12,24,A34,A40,3878.0,A62,A72,4.0,A91,A101,2.0,A123,37.0,A143,A152,1.0,A173,1,A192,A201,1
A11,47,A32,A40,10722.0,A61,A72,1.0,A92,A101,1.0,A121,35.0,A143,A152,1.0,A172,1,A192,A201,1
A11,48,A32,A41,4788.0,A61,A74,4.0,A93,A101,3.0,A122,26.0,A143,A152,1.0,A173,2,A191,A201,1
A12,48,A33,A410,7582.0,A62,A71,2.0,A93,A101,4.0,A124,31.0,A143,A153,1.0,A174,1,A192,A201,1
A12,12,A32,A43,1092.0,A61,A73,4.0,A92,A103,4.0,A121,49.0,A143,A152,2.0,A173,1,A192,A201,1
A11,24,A33,A43,1024.0,A61,A72,4.0,A94,A101,4.0,A121,48.0,A142,A152,1.0,A173,1,A191,A201,2
A14,12,A32,A49,1076.0,A61,A73,2.0,A94,A101,2.0,A121,26.0,A143,A152,1.0,A173,1,A192,A202,1
A12,36,A32,A41,9398.0,A61,A72,1.0,A94,A101,4.0,A123,28.0,A143,A151,1.0,A174,1,A192,A201,2
A11,24,A34,A41,6419.0,A61,A75,2.0,A92,A101,4.0,A124,44.0,A143,A153,2.0,A174,2,A192,A201,1
A13,42,A34,A41,4796.0,A61,A75,4.0,A93,A101,4.0,A124,56.0,A143,A153,1.0,A173,1,A191,A201,1
A14,48,A34,A49,7629.0,A65,A75,4.0,A91,A101,2.0,A123,46.0,A141,A152,2.0,A174,2,A191,A201,1
A12,48,A32,A42,9960.0,A61,A72,1.0,A92,A101,2.0,A123,26.0,A143,A152,1.0,A173,1,A192,A201,2
A14,12,A32,A41,4675.0,A65,A72,1.0,A92,A101,4.0,A123,20.0,A143,A151,1.0,A173,1,A191,A201,1
A14,10,A32,A40,1287.0,A65,A75,4.0,A93,A102,2.0,A122,45.0,A143,A152,1.0,A172,1,A191,A202,1
A14,18,A32,A42,2515.0,A61,A73,3.0,A93,A101,4.0,A121,43.0,A143,A152,1.0,A173,1,A192,A201,1
A12,21,A34,A42,2745.0,A64,A74,3.0,A93,A101,2.0,A123,32.0,A143,A152,2.0,A173,1,A192,A201,1
A14,6,A32,A40,672.0,A61,A71,1.0,A92,A101,4.0,A121,54.0,A143,A152,1.0,A171,1,A192,A201,1
A12,36,A30,A43,3804.0,A61,A73,4.0,A92,A101,1.0,A123,42.0,A143,A152,1.0,A173,1,A192,A201,2
A13,24,A34,A40,1344.0,A65,A74,4.0,A93,A101,2.0,A121,37.0,A141,A152,2.0,A172,2,A191,A201,2
A11,10,A34,A40,1038.0,A61,A74,4.0,A93,A102,3.0,A122,49.0,A143,A152,2.0,A173,1,A192,A201,1
A14,48,A34,A40,10127.0,A63,A73,2.0,A93,A101,2.0,A124,44.0,A141,A153,1.0,A173,1,A191,A201,2
A14,6,A32,A42,1543.0,A64,A73,4.0,A91,A101,2.0,A121,33.0,A143,A152,1.0,A173,1,A191,A201,1
A14,30,A32,A41,4811.0,A65,A74,2.0,A92,A101,4.0,A122,24.0,A142,A151,1.0,A172,1,A191,A201,1
A11,12,A32,A43,727.0,A62,A72,4.0,A94,A101,3.0,A124,33.0,A143,A152,1.0,A172,1,A192,A201,2
A12,8,A32,A42,1237.0,A61,A73,3.0,A92,A101,4.0,A121,24.0,A143,A152,1.0,A173,1,A191,A201,2
A12,9,A32,A40,276.0,A61,A73,4.0,A94,A101,4.0,A121,22.0,A143,A151,1.0,A172,1,A191,A201,1
A12,48,A32,A410,5381.0,A65,A71,3.0,A93,A101,4.0,A124,40.0,A141,A153,1.0,A171,1,A192,A201,1
A14,24,A32,A42,5511.0,A62,A73,4.0,A93,A101,1.0,A123,25.0,A142,A152,1.0,A173,1,A191,A201,1
A13,24,A32,A42,3749.0,A61,A72,2.0,A92,A101,4.0,A123,26.0,A143,A152,1.0,A173,1,A191,A201,1
A12,12,A32,A40,685.0,A61,A74,2.0,A94,A101,3.0,A123,25.0,A141,A152,1.0,A172,1,A191,A201,2
A13,4,A32,A40,1494.0,A65,A72,1.0,A93,A101,2.0,A121,29.0,A143,A152,1.0,A172,2,A191,A202,1
A11,36,A31,A42,2746.0,A61,A75,4.0,A93,A101,4.0,A123,31.0,A141,A152,1.0,A173,1,A191,A201,2
A11,12,A32,A42,708.0,A61,A73,2.0,A93,A103,3.0,A122,38.0,A143,A152,1.0,A172,2,A191,A201,1
A12,24,A32,A42,4351.0,A65,A73,1.0,A92,A101,4.0,A122,48.0,A143,A152,1.0,A172,1,A192,A201,1
A14,12,A34,A46,701.0,A61,A73,4.0,A93,A101,2.0,A123,32.0,A143,A152,2.0,A173,1,A191,A201,1
A11,15,A33,A42,3643.0,A61,A75,1.0,A92,A101,4.0,A122,27.0,A143,A152,2.0,A172,1,A191,A201,1
A12,30,A34,A40,4249.0,A61,A71,4.0,A94,A101,2.0,A123,28.0,A143,A152,2.0,A174,1,A191,A201,2
A11,24,A32,A43,1938.0,A61,A72,4.0,A91,A101,3.0,A122,32.0,A143,A152,1.0,A173,1,A191,A201,2
A11,24,A32,A41,2910.0,A61,A74,2.0,A93,A101,1.0,A124,34.0,A143,A153,1.0,A174,1,A192,A201,1
A11,18,A32,A42,2659.0,A64,A73,4.0,A93,A101,2.0,A123,28.0,A143,A152,1.0,A173,1,A191,A201,1
A14,18,A34,A40,1028.0,A61,A73,4.0,A92,A101,3.0,A121,36.0,A143,A152,2.0,A173,1,A191,A201,1
A11,8,A34,A40,3398.0,A61,A74,1.0,A93,A101,4.0,A121,39.0,A143,A152,2.0,A172,1,A191,A202,1
A14,12,A34,A42,5801.0,A65,A75,2.0,A93,A101,4.0,A122,49.0,A143,A151,1.0,A173,1,A192,A201,1
A14,24,A32,A40,1525.0,A64,A74,4.0,A92,A101,3.0,A123,34.0,A143,A152,1.0,A173,2,A192,A201,1
A13,36,A32,A43,4473.0,A61,A75,4.0,A93,A101,2.0,A123,31.0,A143,A152,1.0,A173,1,A191,A201,1
A12,6,A32,A43,1068.0,A61,A75,4.0,A93,A101,4.0,A123,28.0,A143,A152,1.0,A173,2,A191,A201,1
A11,24,A34,A41,6615.0,A61,A71,2.0,A93,A101,4.0,A124,75.0,A143,A153,2.0,A174,1,A192,A201,1
A14,18,A34,A46,1864.0,A62,A73,4.0,A92,A101,2.0,A121,30.0,A143,A152,2.0,A173,1,A191,A201,2
A12,60,A32,A40,7408.0,A62,A72,4.0,A92,A101,2.0,A122,24.0,A143,A152,1.0,A174,1,A191,A201,2
A14,48,A34,A41,11590.0,A62,A73,2.0,A92,A101,4.0,A123,24.0,A141,A151,2.0,A172,1,A191,A201,2
A11,24,A30,A42,4110.0,A61,A75,3.0,A93,A101,4.0,A124,23.0,A141,A151,2.0,A173,2,A191,A201,2
A11,6,A34,A42,3384.0,A61,A73,1.0,A91,A101,4.0,A121,44.0,A143,A151,1.0,A174,1,A192,A201,2
A12,13,A32,A43,2101.0,A61,A72,2.0,A92,A103,4.0,A122,23.0,A143,A152,1.0,A172,1,A191,A201,1
A11,15,A32,A44,1275.0,A65,A73,4.0,A92,A101,2.0,A123,24.0,A143,A151,1.0,A173,1,A191,A201,2
A11,24,A32,A42,4169.0,A61,A73,4.0,A93,A101,4.0,A122,28.0,A143,A152,1.0,A173,1,A191,A201,1
A12,10,A32,A42,1521.0,A61,A73,4.0,A91,A101,2.0,A123,31.0,A143,A152,1.0,A172,1,A191,A201,1
A12,24,A34,A46,5743.0,A61,A72,2.0,A92,A101,4.0,A124,24.0,A143,A153,2.0,A173,1,A192,A201,1
A11,21,A32,A42,3599.0,A61,A74,1.0,A92,A101,4.0,A123,26.0,A143,A151,1.0,A172,1,A191,A201,1
A12,18,A32,A43,3213.0,A63,A72,1.0,A94,A101,3.0,A121,25.0,A143,A151,1.0,A173,1,A191,A201,1
A12,18,A32,A49,4439.0,A61,A75,1.0,A93,A102,1.0,A121,33.0,A141,A152,1.0,A174,1,A192,A201,1
A13,10,A32,A40,3949.0,A61,A72,1.0,A93,A103,1.0,A122,37.0,A143,A152,1.0,A172,2,A191,A201,1
A14,15,A34,A43,1459.0,A61,A73,4.0,A92,A101,2.0,A123,43.0,A143,A152,1.0,A172,1,A191,A201,1
A12,13,A34,A43,882.0,A61,A72,4.0,A93,A103,4.0,A121,23.0,A143,A152,2.0,A173,1,A191,A201,1
A12,24,A32,A43,3758.0,A63,A71,1.0,A92,A101,4.0,A124,23.0,A143,A151,1.0,A171,1,A191,A201,1
A14,6,A33,A49,1743.0,A62,A73,1.0,A93,A101,2.0,A121,34.0,A143,A152,2.0,A172,1,A191,A201,1
A12,9,A34,A46,1136.0,A64,A75,4.0,A93,A101,3.0,A124,32.0,A143,A153,2.0,A173,2,A191,A201,2
A14,9,A32,A44,1236.0,A61,A72,1.0,A92,A101,4.0,A121,23.0,A143,A151,1.0,A173,1,A192,A201,1
A12,9,A32,A42,959.0,A61,A73,1.0,A92,A101,2.0,A123,29.0,A143,A152,1.0,A173,1,A191,A202,2
A14,18,A34,A41,3229.0,A65,A71,2.0,A93,A101,4.0,A124,38.0,A143,A152,1.0,A174,1,A192,A201,1
A11,12,A30,A43,6199.0,A61,A73,4.0,A93,A101,2.0,A122,28.0,A143,A151,2.0,A173,1,A192,A201,2
A14,10,A32,A46,727.0,A63,A75,4.0,A93,A101,4.0,A124,46.0,A143,A153,1.0,A173,1,A192,A201,1
A12,24,A32,A40,1246.0,A61,A72,4.0,A93,A101,2.0,A121,23.0,A142,A152,1.0,A172,1,A191,A201,2
A14,12,A34,A43,2331.0,A65,A75,1.0,A93,A102,4.0,A121,49.0,A143,A152,1.0,A173,1,A192,A201,1
A14,36,A33,A43,4463.0,A61,A73,4.0,A93,A101,2.0,A123,26.0,A143,A152,2.0,A174,1,A192,A201,2
A14,12,A32,A43,776.0,A61,A73,4.0,A94,A101,2.0,A121,28.0,A143,A152,1.0,A173,1,A191,A201,1
A11,30,A32,A42,2406.0,A61,A74,4.0,A92,A101,4.0,A121,23.0,A143,A151,1.0,A173,1,A191,A201,2
A12,18,A32,A46,1239.0,A65,A73,4.0,A93,A101,4.0,A124,61.0,A143,A153,1.0,A173,1,A191,A201,1
A13,12,A32,A43,3399.0,A65,A75,2.0,A93,A101,3.0,A123,37.0,A143,A152,1.0,A174,1,A191,A201,1
A13,12,A33,A40,2247.0,A61,A73,2.0,A92,A101,2.0,A123,36.0,A142,A152,2.0,A173,1,A192,A201,1
A14,6,A32,A42,1766.0,A61,A73,1.0,A94,A101,2.0,A122,21.0,A143,A151,1.0,A173,1,A191,A201,1
A11,18,A32,A42,2473.0,A61,A71,4.0,A93,A101,1.0,A123,25.0,A143,A152,1.0,A171,1,A191,A201,2
A14,12,A32,A49,1542.0,A61,A74,2.0,A93,A101,4.0,A123,36.0,A143,A152,1.0,A173,1,A192,A201,1
A14,18,A34,A41,3850.0,A61,A74,3.0,A93,A101,1.0,A123,27.0,A143,A152,2.0,A173,1,A191,A201,1
A11,18,A32,A42,3650.0,A61,A72,1.0,A92,A101,4.0,A123,22.0,A143,A151,1.0,A173,1,A191,A201,1
A11,36,A32,A42,3446.0,A61,A75,4.0,A93,A101,2.0,A123,42.0,A143,A152,1.0,A173,2,A191,A201,2
A12,18,A32,A42,3001.0,A61,A74,2.0,A92,A101,4.0,A121,40.0,A143,A151,1.0,A173,1,A191,A201,1
A14,36,A32,A40,3079.0,A65,A73,4.0,A93,A101,4.0,A121,36.0,A143,A152,1.0,A173,1,A191,A201,1
A14,18,A34,A43,6070.0,A61,A75,3.0,A93,A101,4.0,A123,33.0,A143,A152,2.0,A173,1,A192,A201,1
A14,10,A34,A42,2146.0,A61,A72,1.0,A92,A101,3.0,A121,23.0,A143,A151,2.0,A173,1,A191,A201,1
A14,60,A34,A40,13756.0,A65,A75,2.0,A93,A101,4.0,A124,63.0,A141,A153,1.0,A174,1,A192,A201,1
A12,60,A31,A410,14782.0,A62,A75,3.0,A92,A101,4.0,A124,60.0,A141,A153,2.0,A174,1,A192,A201,2
A11,48,A31,A49,7685.0,A61,A74,2.0,A92,A103,4.0,A123,37.0,A143,A151,1.0,A173,1,A191,A201,2
A14,18,A33,A43,2320.0,A61,A71,2.0,A94,A101,3.0,A121,34.0,A143,A152,2.0,A173,1,A191,A201,1
A14,7,A33,A43,846.0,A65,A75,3.0,A93,A101,4.0,A124,36.0,A143,A153,1.0,A173,1,A191,A201,1
A12,36,A32,A40,14318.0,A61,A75,4.0,A93,A101,2.0,A124,57.0,A143,A153,1.0,A174,1,A192,A201,2
A14,6,A34,A40,362.0,A62,A73,4.0,A92,A101,4.0,A123,52.0,A143,A152,2.0,A172,1,A191,A201,1
A11,20,A32,A42,2212.0,A65,A74,4.0,A93,A101,4.0,A123,39.0,A143,A152,1.0,A173,1,A192,A201,1
A12,18,A32,A41,12976.0,A61,A71,3.0,A92,A101,4.0,A124,38.0,A143,A153,1.0,A174,1,A192,A201,2
A14,22,A32,A40,1283.0,A65,A74,4.0,A92,A101,4.0,A122,25.0,A143,A151,1.0,A173,1,A191,A201,1
A13,12,A32,A40,1330.0,A61,A72,4.0,A93,A101,1.0,A121,26.0,A143,A152,1.0,A173,1,A191,A201,1
A14,30,A33,A49,4272.0,A62,A73,2.0,A93,A101,2.0,A122,26.0,A143,A152,2.0,A172,1,A191,A201,1
A14,18,A34,A43,2238.0,A61,A73,2.0,A92,A101,1.0,A123,25.0,A143,A152,2.0,A173,1,A191,A201,1
A14,18,A32,A43,1126.0,A65,A72,4.0,A92,A101,2.0,A121,21.0,A143,A151,1.0,A173,1,A192,A201,1
A12,18,A34,A42,7374.0,A61,A71,4.0,A93,A101,4.0,A122,40.0,A142,A152,2.0,A174,1,A192,A201,1
A12,15,A34,A49,2326.0,A63,A73,2.0,A93,A101,4.0,A123,27.0,A141,A152,1.0,A173,1,A191,A201,1
A14,9,A32,A49,1449.0,A61,A74,3.0,A92,A101,2.0,A123,27.0,A143,A152,2.0,A173,1,A191,A201,1
A14,18,A32,A40,1820.0,A61,A73,2.0,A94,A101,2.0,A122,30.0,A143,A152,1.0,A174,1,A192,A201,1
A12,12,A32,A42,983.0,A64,A72,1.0,A92,A101,4.0,A121,19.0,A143,A151,1.0,A172,1,A191,A201,1
A11,36,A32,A40,3249.0,A61,A74,2.0,A93,A101,4.0,A124,39.0,A141,A153,1.0,A174,2,A192,A201,1
A11,6,A34,A43,1957.0,A61,A74,1.0,A92,A101,4.0,A123,31.0,A143,A152,1.0,A173,1,A191,A201,1
A14,9,A34,A42,2406.0,A61,A71,2.0,A93,A101,3.0,A123,31.0,A143,A152,1.0,A174,1,A191,A201,1
A12,39,A33,A46,11760.0,A62,A74,2.0,A93,A101,3.0,A124,32.0,A143,A151,1.0,A173,1,A192,A201,1
A11,12,A32,A42,2578.0,A61,A71,3.0,A92,A101,4.0,A124,55.0,A143,A153,1.0,A174,1,A191,A201,1
A11,36,A34,A42,2348.0,A61,A73,3.0,A94,A101,2.0,A122,46.0,A143,A152,2.0,A173,1,A192,A201,1
A12,12,A32,A40,1223.0,A61,A75,1.0,A91,A101,1.0,A121,46.0,A143,A151,2.0,A173,1,A191,A201,2
A14,24,A34,A43,1516.0,A64,A73,4.0,A92,A101,1.0,A121,43.0,A143,A152,2.0,A172,1,A191,A201,1
A14,18,A32,A43,1473.0,A61,A72,3.0,A94,A101,4.0,A121,39.0,A143,A152,1.0,A173,1,A192,A201,1
A12,18,A34,A49,1887.0,A65,A73,4.0,A94,A101,4.0,A121,28.0,A141,A152,2.0,A173,1,A191,A201,1
A14,24,A33,A49,8648.0,A61,A72,2.0,A93,A101,2.0,A123,27.0,A141,A152,2.0,A173,1,A192,A201,2
A14,14,A33,A40,802.0,A61,A73,4.0,A93,A101,2.0,A123,27.0,A143,A152,2.0,A172,1,A191,A201,1
A12,18,A33,A40,2899.0,A65,A75,4.0,A93,A101,4.0,A123,43.0,A143,A152,1.0,A173,2,A191,A201,1
A12,24,A32,A43,2039.0,A61,A72,1.0,A94,A101,1.0,A122,22.0,A143,A152,1.0,A173,1,A192,A201,2
A14,24,A34,A41,2197.0,A65,A74,4.0,A93,A101,4.0,A123,43.0,A143,A152,2.0,A173,2,A192,A201,1
A11,15,A32,A43,1053.0,A61,A72,4.0,A94,A101,2.0,A121,27.0,A143,A152,1.0,A173,1,A191,A202,1
A14,24,A32,A43,3235.0,A63,A75,3.0,A91,A101,2.0,A123,26.0,A143,A152,1.0,A174,1,A192,A201,1
A13,12,A34,A40,939.0,A63,A74,4.0,A94,A101,2.0,A121,28.0,A143,A152,3.0,A173,1,A192,A201,2
A12,24,A32,A43,1967.0,A61,A75,4.0,A92,A101,4.0,A123,20.0,A143,A152,1.0,A173,1,A192,A201,1
A14,33,A34,A41,7253.0,A61,A74,3.0,A93,A101,2.0,A123,35.0,A143,A152,2.0,A174,1,A192,A201,1
A14,12,A34,A49,2292.0,A61,A71,4.0,A93,A101,2.0,A123,42.0,A142,A152,2.0,A174,1,A192,A201,2
A14,10,A32,A40,1597.0,A63,A73,3.0,A93,A101,2.0,A124,40.0,A143,A151,1.0,A172,2,A191,A202,1
A11,24,A32,A40,1381.0,A65,A73,4.0,A92,A101,2.0,A122,35.0,A143,A152,1.0,A173,1,A191,A201,2
A14,36,A34,A41,5842.0,A61,A75,2.0,A93,A101,2.0,A122,35.0,A143,A152,2.0,A173,2,A192,A201,1
A11,12,A32,A40,2579.0,A61,A72,4.0,A93,A101,1.0,A121,33.0,A143,A152,1.0,A172,2,A191,A201,2
A11,18,A33,A46,8471.0,A65,A73,1.0,A92,A101,2.0,A123,23.0,A143,A151,2.0,A173,1,A192,A201,1
A14,21,A32,A40,2782.0,A63,A74,1.0,A92,A101,2.0,A123,31.0,A141,A152,1.0,A174,1,A191,A201,1
A12,18,A32,A40,1042.0,A65,A73,4.0,A92,A101,2.0,A122,33.0,A143,A152,1.0,A173,1,A191,A201,2
A14,15,A32,A40,3186.0,A64,A74,2.0,A92,A101,3.0,A123,20.0,A143,A151,1.0,A173,1,A191,A201,1
A12,12,A32,A41,2028.0,A65,A73,4.0,A93,A101,2.0,A123,30.0,A143,A152,1.0,A173,1,A191,A201,1
A12,12,A34,A40,958.0,A61,A74,2.0,A93,A101,3.0,A121,47.0,A143,A152,2.0,A172,2,A191,A201,1
A14,21,A33,A42,1591.0,A62,A74,4.0,A93,A101,3.0,A121,34.0,A143,A152,2.0,A174,1,A191,A201,1
A12,12,A32,A42,2762.0,A65,A75,1.0,A92,A101,2.0,A122,25.0,A141,A152,1.0,A173,1,A192,A201,2
A12,18,A32,A41,2779.0,A61,A73,1.0,A94,A101,3.0,A123,21.0,A143,A151,1.0,A173,1,A192,A201,1
A14,28,A34,A43,2743.0,A61,A75,4.0,A93,A101,2.0,A123,29.0,A143,A152,2.0,A173,1,A191,A201,1
A14,18,A34,A43,1149.0,A64,A73,4.0,A93,A101,3.0,A121,46.0,A143,A152,2.0,A173,1,A191,A201,1
A14,9,A32,A42,1313.0,A61,A75,1.0,A93,A101,4.0,A123,20.0,A143,A152,1.0,A173,1,A191,A201,1
A11,18,A34,A45,1190.0,A61,A71,2.0,A92,A101,4.0,A124,55.0,A143,A153,3.0,A171,2,A191,A201,2
A14,5,A32,A49,3448.0,A61,A74,1.0,A93,A101,4.0,A121,74.0,A143,A152,1.0,A172,1,A191,A201,1
A12,24,A32,A410,11328.0,A61,A73,2.0,A93,A102,3.0,A123,29.0,A141,A152,2.0,A174,1,A192,A201,2
A11,6,A34,A42,1872.0,A61,A71,4.0,A93,A101,4.0,A124,36.0,A143,A153,3.0,A174,1,A192,A201,1
A14,24,A34,A45,2058.0,A61,A73,4.0,A91,A101,2.0,A121,33.0,A143,A152,2.0,A173,1,A192,A201,1
A11,9,A32,A42,2136.0,A61,A73,3.0,A93,A101,2.0,A121,25.0,A143,A152,1.0,A173,1,A191,A201,1
A12,12,A32,A43,1484.0,A65,A73,2.0,A94,A101,1.0,A121,25.0,A143,A152,1.0,A173,1,A192,A201,2
A14,6,A32,A45,660.0,A63,A74,2.0,A94,A101,4.0,A121,23.0,A143,A151,1.0,A172,1,A191,A201,1
A14,24,A34,A40,1287.0,A64,A75,4.0,A92,A101,4.0,A121,37.0,A143,A152,2.0,A173,1,A192,A201,1
A11,42,A34,A45,3394.0,A61,A71,4.0,A93,A102,4.0,A123,65.0,A143,A152,2.0,A171,1,A191,A201,1
A13,12,A31,A49,609.0,A61,A72,4.0,A92,A101,1.0,A121,26.0,A143,A152,1.0,A171,1,A191,A201,2
A14,12,A32,A40,1884.0,A61,A75,4.0,A93,A101,4.0,A123,39.0,A143,A152,1.0,A174,1,A192,A201,1
A11,12,A32,A42,1620.0,A61,A73,2.0,A92,A102,3.0,A122,30.0,A143,A152,1.0,A173,1,A191,A201,1
A12,20,A33,A410,2629.0,A61,A73,2.0,A93,A101,3.0,A123,29.0,A141,A152,2.0,A173,1,A192,A201,1
A14,12,A32,A46,719.0,A61,A75,4.0,A93,A101,4.0,A123,41.0,A141,A152,1.0,A172,2,A191,A201,2
A12,48,A34,A42,5096.0,A61,A73,2.0,A92,A101,3.0,A123,30.0,A143,A152,1.0,A174,1,A192,A201,2
A14,9,A34,A46,1244.0,A65,A75,4.0,A92,A101,4.0,A122,41.0,A143,A151,2.0,A172,1,A191,A201,1
A11,36,A32,A40,1842.0,A61,A72,4.0,A92,A101,4.0,A123,34.0,A143,A152,1.0,A173,1,A192,A201,2
A12,7,A32,A43,2576.0,A61,A73,2.0,A93,A103,2.0,A121,35.0,A143,A152,1.0,A173,1,A191,A201,1
A13,12,A32,A42,1424.0,A65,A75,3.0,A92,A101,4.0,A121,55.0,A143,A152,1.0,A174,1,A192,A201,1
A12,15,A33,A45,1512.0,A64,A73,3.0,A94,A101,3.0,A122,61.0,A142,A152,2.0,A173,1,A191,A201,2
A14,36,A34,A41,11054.0,A65,A73,4.0,A93,A101,2.0,A123,30.0,A143,A152,1.0,A174,1,A192,A201,1
A14,6,A32,A43,518.0,A61,A73,3.0,A92,A101,1.0,A121,29.0,A143,A152,1.0,A173,1,A191,A201,1
A14,12,A30,A42,2759.0,A61,A75,2.0,A93,A101,4.0,A122,34.0,A143,A152,2.0,A173,1,A191,A201,1
A14,24,A32,A41,2670.0,A61,A75,4.0,A93,A101,4.0,A123,35.0,A143,A152,1.0,A174,1,A192,A201,1
A11,24,A32,A40,4817.0,A61,A74,2.0,A93,A102,3.0,A122,31.0,A143,A152,1.0,A173,1,A192,A201,2
A14,24,A32,A41,2679.0,A61,A72,4.0,A92,A101,1.0,A124,29.0,A143,A152,1.0,A174,1,A192,A201,1
A11,11,A34,A40,3905.0,A61,A73,2.0,A93,A101,2.0,A121,36.0,A143,A151,2.0,A173,2,A191,A201,1
A11,12,A32,A41,3386.0,A61,A75,3.0,A93,A101,4.0,A124,35.0,A143,A153,1.0,A173,1,A192,A201,2
A11,6,A32,A44,343.0,A61,A72,4.0,A92,A101,1.0,A121,27.0,A143,A152,1.0,A173,1,A191,A201,1
A14,18,A32,A43,4594.0,A61,A72,3.0,A93,A101,2.0,A123,32.0,A143,A152,1.0,A173,1,A192,A201,1
A11,36,A32,A42,3620.0,A61,A73,1.0,A93,A103,2.0,A122,37.0,A143,A152,1.0,A173,2,A191,A201,1
A11,15,A32,A40,1721.0,A61,A72,2.0,A93,A101,3.0,A121,36.0,A143,A152,1.0,A173,1,A191,A201,1
A12,12,A32,A42,3017.0,A61,A72,3.0,A92,A101,1.0,A121,34.0,A143,A151,1.0,A174,1,A191,A201,1
A12,12,A32,A48,754.0,A65,A75,4.0,A93,A101,4.0,A122,38.0,A143,A152,2.0,A173,1,A191,A201,1
A14,18,A32,A49,1950.0,A61,A74,4.0,A93,A101,1.0,A123,34.0,A142,A152,2.0,A173,1,A192,A201,1
A11,24,A32,A41,2924.0,A61,A73,3.0,A93,A103,4.0,A124,63.0,A141,A152,1.0,A173,2,A192,A201,1
A11,24,A33,A43,1659.0,A61,A72,4.0,A92,A101,2.0,A123,29.0,A143,A151,1.0,A172,1,A192,A201,2
A14,48,A33,A43,7238.0,A65,A75,3.0,A93,A101,3.0,A123,32.0,A141,A152,2.0,A173,2,A191,A201,1
A14,33,A33,A49,2764.0,A61,A73,2.0,A92,A101,2.0,A123,26.0,A143,A152,2.0,A173,1,A192,A201,1
A14,24,A33,A41,4679.0,A61,A74,3.0,A93,A101,3.0,A123,35.0,A143,A152,2.0,A172,1,A192,A201,1
A12,24,A32,A43,3092.0,A62,A72,3.0,A94,A101,2.0,A123,22.0,A143,A151,1.0,A173,1,A192,A201,2
A11,6,A32,A46,448.0,A61,A72,4.0,A92,A101,4.0,A122,23.0,A143,A152,1.0,A173,1,A191,A201,2
A11,9,A32,A40,654.0,A61,A73,4.0,A93,A101,3.0,A123,28.0,A143,A152,1.0,A172,1,A191,A201,2
A14,6,A32,A48,1238.0,A65,A71,4.0,A93,A101,4.0,A122,36.0,A143,A152,1.0,A174,2,A192,A201,1
A12,18,A34,A43,1245.0,A61,A73,4.0,A94,A101,2.0,A123,33.0,A143,A152,1.0,A173,1,A191,A201,2
A11,18,A30,A42,3114.0,A61,A72,1.0,A92,A101,4.0,A122,26.0,A143,A151,1.0,A173,1,A191,A201,2
A14,39,A32,A41,2569.0,A63,A73,4.0,A93,A101,4.0,A123,24.0,A143,A152,1.0,A173,1,A191,A201,1
A13,24,A32,A43,5152.0,A61,A74,4.0,A93,A101,2.0,A123,25.0,A141,A152,1.0,A173,1,A191,A201,1
A12,12,A32,A49,1037.0,A62,A74,3.0,A93,A101,4.0,A121,39.0,A143,A152,1.0,A172,1,A191,A201,1
A11,15,A34,A42,1478.0,A61,A75,4.0,A93,A101,4.0,A123,44.0,A143,A152,2.0,A173,2,A192,A201,1
A12,12,A34,A43,3573.0,A61,A73,1.0,A92,A101,1.0,A121,23.0,A143,A152,1.0,A172,1,A191,A201,1
A12,24,A32,A40,1201.0,A61,A72,4.0,A93,A101,1.0,A122,26.0,A143,A152,1.0,A173,1,A191,A201,1
A11,30,A32,A42,3622.0,A64,A75,4.0,A92,A101,4.0,A122,57.0,A143,A151,2.0,A173,1,A192,A201,1
A14,15,A33,A42,960.0,A64,A74,3.0,A92,A101,2.0,A122,30.0,A143,A152,2.0,A173,1,A191,A201,1
A14,12,A34,A40,1163.0,A63,A73,4.0,A93,A101,4.0,A121,44.0,A143,A152,1.0,A173,1,A192,A201,1
A12,6,A33,A40,1209.0,A61,A71,4.0,A93,A101,4.0,A122,47.0,A143,A152,1.0,A174,1,A192,A201,2
A14,12,A32,A43,3077.0,A61,A73,2.0,A93,A101,4.0,A123,52.0,A143,A152,1.0,A173,1,A192,A201,1
A14,24,A32,A40,3757.0,A61,A75,4.0,A92,A102,4.0,A124,62.0,A143,A153,1.0,A173,1,A192,A201,1
A14,10,A32,A40,1418.0,A62,A73,3.0,A93,A101,2.0,A121,35.0,A143,A151,1.0,A172,1,A191,A202,1
A14,6,A32,A40,3518.0,A61,A73,2.0,A93,A103,3.0,A122,26.0,A143,A151,1.0,A173,1,A191,A201,1
A14,12,A34,A43,1934.0,A61,A75,2.0,A93,A101,2.0,A124,26.0,A143,A152,2.0,A173,1,A191,A201,1
A12,27,A30,A49,8318.0,A61,A75,2.0,A92,A101,4.0,A124,42.0,A143,A153,2.0,A174,1,A192,A201,2
A14,6,A34,A43,1237.0,A62,A73,1.0,A92,A101,1.0,A122,27.0,A143,A152,2.0,A173,1,A191,A201,1
A12,6,A32,A43,368.0,A65,A75,4.0,A93,A101,4.0,A122,38.0,A143,A152,1.0,A173,1,A191,A201,1
A11,12,A34,A40,2122.0,A61,A73,3.0,A93,A101,2.0,A121,39.0,A143,A151,2.0,A172,2,A191,A202,1
A11,24,A32,A42,2996.0,A65,A73,2.0,A94,A101,4.0,A123,20.0,A143,A152,1.0,A173,1,A191,A201,2
A12,36,A32,A42,9034.0,A62,A72,4.0,A93,A102,1.0,A124,29.0,A143,A151,1.0,A174,1,A192,A201,2
A14,24,A34,A42,1585.0,A61,A74,4.0,A93,A101,3.0,A122,40.0,A143,A152,2.0,A173,1,A191,A201,1
A12,18,A32,A43,1301.0,A61,A75,4.0,A94,A103,2.0,A121,32.0,A143,A152,1.0,A172,1,A191,A201,1
A13,6,A34,A40,1323.0,A62,A75,2.0,A91,A101,4.0,A123,28.0,A143,A152,2.0,A173,2,A192,A201,1
A11,24,A32,A40,3123.0,A61,A72,4.0,A92,A101,1.0,A122,27.0,A143,A152,1.0,A173,1,A191,A201,2
A11,36,A32,A41,5493.0,A61,A75,2.0,A93,A101,4.0,A124,42.0,A143,A153,1.0,A173,2,A191,A201,1
A13,9,A32,A43,1126.0,A62,A75,2.0,A91,A101,4.0,A121,49.0,A143,A152,1.0,A173,1,A191,A201,1
A12,24,A34,A43,1216.0,A62,A72,4.0,A93,A101,4.0,A124,38.0,A141,A152,2.0,A173,2,A191,A201,2
A11,24,A32,A40,1207.0,A61,A72,4.0,A92,A101,4.0,A122,24.0,A143,A151,1.0,A173,1,A191,A201,2
A14,10,A32,A40,1309.0,A65,A73,4.0,A93,A103,4.0,A122,27.0,A143,A152,1.0,A172,1,A191,A201,2
A13,15,A34,A41,2360.0,A63,A73,2.0,A93,A101,2.0,A123,36.0,A143,A152,1.0,A173,1,A192,A201,1
A12,15,A31,A40,6850.0,A62,A71,1.0,A93,A101,2.0,A122,34.0,A143,A152,1.0,A174,2,A192,A201,2
A14,24,A32,A43,1413.0,A61,A73,4.0,A94,A101,2.0,A122,28.0,A143,A152,1.0,A173,1,A191,A201,1
A14,39,A32,A41,8588.0,A62,A75,4.0,A93,A101,2.0,A123,45.0,A143,A152,1.0,A174,1,A192,A201,1
A11,12,A32,A40,759.0,A61,A74,4.0,A93,A101,2.0,A121,26.0,A143,A152,1.0,A173,1,A191,A201,2
A14,36,A32,A41,4686.0,A61,A73,2.0,A93,A101,2.0,A124,32.0,A143,A153,1.0,A174,1,A192,A201,1
A13,15,A32,A49,2687.0,A61,A74,2.0,A93,A101,4.0,A122,26.0,A143,A151,1.0,A173,1,A192,A201,1
A12,12,A33,A43,585.0,A61,A73,4.0,A94,A102,4.0,A121,20.0,A143,A151,2.0,A173,1,A191,A201,1
A14,24,A32,A40,2255.0,A65,A72,4.0,A93,A101,1.0,A122,54.0,A143,A152,1.0,A173,1,A191,A201,1
A11,6,A34,A40,609.0,A61,A74,4.0,A92,A101,3.0,A122,37.0,A143,A152,2.0,A173,1,A191,A202,1
A11,6,A34,A40,1361.0,A61,A72,2.0,A93,A101,4.0,A121,40.0,A143,A152,1.0,A172,2,A191,A202,1
A14,36,A34,A42,7127.0,A61,A72,2.0,A92,A101,4.0,A122,23.0,A143,A151,2.0,A173,1,A192,A201,2
A11,6,A32,A40,1203.0,A62,A75,3.0,A93,A101,2.0,A122,43.0,A143,A152,1.0,A173,1,A192,A201,1
A14,6,A34,A43,700.0,A65,A75,4.0,A93,A101,4.0,A124,36.0,A143,A153,2.0,A173,1,A191,A201,1
A14,24,A34,A45,5507.0,A61,A75,3.0,A93,A101,4.0,A124,44.0,A143,A153,2.0,A173,1,A191,A201,1
A11,18,A32,A43,3190.0,A61,A73,2.0,A92,A101,2.0,A121,24.0,A143,A152,1.0,A173,1,A191,A201,2
A11,48,A30,A42,7119.0,A61,A73,3.0,A93,A101,4.0,A124,53.0,A143,A153,2.0,A173,2,A191,A201,2
A14,24,A32,A41,3488.0,A62,A74,3.0,A92,A101,4.0,A123,23.0,A143,A152,1.0,A173,1,A191,A201,1
A12,18,A32,A43,1113.0,A61,A73,4.0,A92,A103,4.0,A121,26.0,A143,A152,1.0,A172,2,A191,A201,1
A12,26,A32,A41,7966.0,A61,A72,2.0,A93,A101,3.0,A123,30.0,A143,A152,2.0,A173,1,A191,A201,1
A14,15,A34,A46,1532.0,A62,A73,4.0,A92,A101,3.0,A123,31.0,A143,A152,1.0,A173,1,A191,A201,1
A14,4,A34,A43,1503.0,A61,A74,2.0,A93,A101,1.0,A121,42.0,A143,A152,2.0,A172,2,A191,A201,1
A11,36,A32,A43,2302.0,A61,A73,4.0,A91,A101,4.0,A123,31.0,A143,A151,1.0,A173,1,A191,A201,2
A11,6,A32,A40,662.0,A61,A72,3.0,A93,A101,4.0,A121,41.0,A143,A152,1.0,A172,2,A192,A201,1
A12,36,A32,A46,2273.0,A61,A74,3.0,A93,A101,1.0,A123,32.0,A143,A152,2.0,A173,2,A191,A201,1
A12,15,A32,A40,2631.0,A62,A73,2.0,A92,A101,4.0,A123,28.0,A143,A151,2.0,A173,1,A192,A201,2
A14,12,A33,A41,1503.0,A61,A73,4.0,A94,A101,4.0,A121,41.0,A143,A151,1.0,A173,1,A191,A201,1
A14,24,A32,A43,1311.0,A62,A74,4.0,A94,A101,3.0,A122,26.0,A143,A152,1.0,A173,1,A192,A201,1
A14,24,A32,A43,3105.0,A65,A72,4.0,A93,A101,2.0,A123,25.0,A143,A152,2.0,A173,1,A191,A201,1
A13,21,A34,A46,2319.0,A61,A72,2.0,A91,A101,1.0,A123,33.0,A143,A151,1.0,A173,1,A191,A201,2
A11,6,A32,A40,1374.0,A65,A71,4.0,A92,A101,3.0,A122,75.0,A143,A152,1.0,A174,1,A192,A201,1
A12,18,A34,A42,3612.0,A61,A75,3.0,A92,A101,4.0,A122,37.0,A143,A152,1.0,A173,1,A192,A201,1
A11,48,A32,A40,7763.0,A61,A75,4.0,A93,A101,4.0,A124,42.0,A141,A153,1.0,A174,1,A191,A201,2
A13,18,A32,A42,3049.0,A61,A72,1.0,A92,A101,1.0,A122,45.0,A142,A152,1.0,A172,1,A191,A201,1
A12,12,A32,A43,1534.0,A61,A72,1.0,A94,A101,1.0,A121,23.0,A143,A151,1.0,A173,1,A191,A201,2
A14,24,A33,A40,2032.0,A61,A75,4.0,A93,A101,4.0,A124,60.0,A143,A153,2.0,A173,1,A192,A201,1
A11,30,A32,A42,6350.0,A65,A75,4.0,A93,A101,4.0,A122,31.0,A143,A152,1.0,A173,1,A191,A201,2
A13,18,A32,A42,2864.0,A61,A73,2.0,A93,A101,1.0,A121,34.0,A143,A152,1.0,A172,2,A191,A201,2
A14,12,A34,A40,1255.0,A61,A75,4.0,A93,A101,4.0,A121,61.0,A143,A152,2.0,A172,1,A191,A201,1
A11,24,A33,A40,1333.0,A61,A71,4.0,A93,A101,2.0,A121,43.0,A143,A153,2.0,A173,2,A191,A201,2
A14,24,A34,A40,2022.0,A61,A73,4.0,A92,A101,4.0,A123,37.0,A143,A152,1.0,A173,1,A192,A201,1
A14,24,A32,A43,1552.0,A61,A74,3.0,A93,A101,1.0,A123,32.0,A141,A152,1.0,A173,2,A191,A201,1
A11,12,A31,A43,626.0,A61,A73,4.0,A92,A101,4.0,A121,24.0,A141,A152,1.0,A172,1,A191,A201,2
A14,48,A34,A41,8858.0,A65,A74,2.0,A93,A101,1.0,A124,35.0,A143,A153,2.0,A173,1,A192,A201,1
A14,12,A34,A45,996.0,A65,A74,4.0,A92,A101,4.0,A121,23.0,A143,A152,2.0,A173,1,A191,A201,1
A14,6,A31,A43,1750.0,A63,A75,2.0,A93,A101,4.0,A122,45.0,A141,A152,1.0,A172,2,A191,A201,1
A11,48,A32,A43,6999.0,A61,A74,1.0,A94,A103,1.0,A121,34.0,A143,A152,2.0,A173,1,A192,A201,2
A12,12,A34,A40,1995.0,A62,A72,4.0,A93,A101,1.0,A123,27.0,A143,A152,1.0,A173,1,A191,A201,1
A12,9,A32,A46,1199.0,A61,A74,4.0,A92,A101,4.0,A122,67.0,A143,A152,2.0,A174,1,A192,A201,1
A12,12,A32,A43,1331.0,A61,A72,2.0,A93,A101,1.0,A123,22.0,A142,A152,1.0,A173,1,A191,A201,2
A12,18,A30,A40,2278.0,A62,A72,3.0,A92,A101,3.0,A123,28.0,A143,A152,2.0,A173,1,A191,A201,2
A14,21,A30,A40,5003.0,A65,A73,1.0,A92,A101,4.0,A122,29.0,A141,A152,2.0,A173,1,A192,A201,2
A11,24,A31,A42,3552.0,A61,A74,3.0,A93,A101,4.0,A123,27.0,A141,A152,1.0,A173,1,A191,A201,2
A12,18,A34,A42,1928.0,A61,A72,2.0,A93,A101,2.0,A121,31.0,A143,A152,2.0,A172,1,A191,A201,2
A11,24,A32,A41,2964.0,A65,A75,4.0,A93,A101,4.0,A124,49.0,A141,A153,1.0,A173,2,A192,A201,1
A11,24,A31,A43,1546.0,A61,A74,4.0,A93,A103,4.0,A123,24.0,A141,A151,1.0,A172,1,A191,A201,2
A13,6,A33,A43,683.0,A61,A72,2.0,A92,A101,1.0,A122,29.0,A141,A152,1.0,A173,1,A191,A201,1
A12,36,A32,A40,12389.0,A65,A73,1.0,A93,A101,4.0,A124,37.0,A143,A153,1.0,A173,1,A192,A201,2
A12,24,A33,A49,4712.0,A65,A73,4.0,A93,A101,2.0,A122,37.0,A141,A152,2.0,A174,1,A192,A201,1
A12,24,A33,A43,1553.0,A62,A74,3.0,A92,A101,2.0,A122,23.0,A143,A151,2.0,A173,1,A192,A201,1
A11,12,A32,A40,1372.0,A61,A74,2.0,A91,A101,3.0,A123,36.0,A143,A152,1.0,A173,1,A191,A201,2
A14,24,A34,A43,2578.0,A64,A75,2.0,A93,A101,2.0,A123,34.0,A143,A152,1.0,A173,1,A191,A201,1
A12,48,A32,A43,3979.0,A65,A74,4.0,A93,A101,1.0,A123,41.0,A143,A152,2.0,A173,2,A192,A201,1
A11,48,A32,A43,6758.0,A61,A73,3.0,A92,A101,2.0,A123,31.0,A143,A152,1.0,A173,1,A192,A201,2
A11,24,A32,A42,3234.0,A61,A72,4.0,A92,A101,4.0,A121,23.0,A143,A151,1.0,A172,1,A192,A201,2
A14,30,A34,A43,5954.0,A61,A74,3.0,A93,A102,2.0,A123,38.0,A143,A152,1.0,A173,1,A191,A201,1
A14,24,A32,A41,5433.0,A65,A71,2.0,A92,A101,4.0,A122,26.0,A143,A151,1.0,A174,1,A192,A201,1
A11,15,A32,A49,806.0,A61,A73,4.0,A92,A101,4.0,A122,22.0,A143,A152,1.0,A172,1,A191,A201,1
A12,9,A32,A43,1082.0,A61,A75,4.0,A93,A101,4.0,A123,27.0,A143,A152,2.0,A172,1,A191,A201,1
A14,15,A34,A42,2788.0,A61,A74,2.0,A92,A102,3.0,A123,24.0,A141,A152,2.0,A173,1,A191,A201,1
A12,12,A32,A43,2930.0,A61,A74,2.0,A92,A101,1.0,A121,27.0,A143,A152,1.0,A173,1,A191,A201,1
A14,24,A34,A46,1927.0,A65,A73,3.0,A92,A101,2.0,A123,33.0,A143,A152,2.0,A173,1,A192,A201,1
A12,36,A34,A40,2820.0,A61,A72,4.0,A91,A101,4.0,A123,27.0,A143,A152,2.0,A173,1,A191,A201,2
A14,24,A32,A48,937.0,A61,A72,4.0,A94,A101,3.0,A123,27.0,A143,A152,2.0,A172,1,A191,A201,1
A12,18,A34,A40,1056.0,A61,A75,3.0,A93,A103,3.0,A121,30.0,A141,A152,2.0,A173,1,A191,A201,2
A12,12,A34,A40,3124.0,A61,A72,1.0,A93,A101,3.0,A121,49.0,A141,A152,2.0,A172,2,A191,A201,1
A14,9,A32,A42,1388.0,A61,A73,4.0,A92,A101,2.0,A121,26.0,A143,A151,1.0,A173,1,A191,A201,1
A12,36,A32,A45,2384.0,A61,A72,4.0,A93,A101,1.0,A124,33.0,A143,A151,1.0,A172,1,A191,A201,2
A14,12,A32,A40,2133.0,A65,A75,4.0,A92,A101,4.0,A124,52.0,A143,A153,1.0,A174,1,A192,A201,1
A11,18,A32,A42,2039.0,A61,A73,1.0,A92,A101,4.0,A121,20.0,A141,A151,1.0,A173,1,A191,A201,2
A11,9,A34,A40,2799.0,A61,A73,2.0,A93,A101,2.0,A121,36.0,A143,A151,2.0,A173,2,A191,A201,1
A11,12,A32,A42,1289.0,A61,A73,4.0,A93,A103,1.0,A122,21.0,A143,A152,1.0,A172,1,A191,A201,1
A11,18,A32,A44,1217.0,A61,A73,4.0,A94,A101,3.0,A121,47.0,A143,A152,1.0,A172,1,A192,A201,2
A11,12,A34,A42,2246.0,A61,A75,3.0,A93,A101,3.0,A122,60.0,A143,A152,2.0,A173,1,A191,A201,2
A11,12,A34,A43,385.0,A61,A74,4.0,A92,A101,3.0,A121,58.0,A143,A152,4.0,A172,1,A192,A201,1
A12,24,A33,A40,1965.0,A65,A73,4.0,A92,A101,4.0,A123,42.0,A143,A151,2.0,A173,1,A192,A201,1
A14,21,A32,A49,1572.0,A64,A75,4.0,A92,A101,4.0,A121,36.0,A141,A152,1.0,A172,1,A191,A201,1
A12,24,A32,A40,2718.0,A61,A73,3.0,A92,A101,4.0,A122,20.0,A143,A151,1.0,A172,1,A192,A201,2
A11,24,A31,A410,1358.0,A65,A75,4.0,A93,A101,3.0,A123,40.0,A142,A152,1.0,A174,1,A192,A201,2
A12,6,A31,A40,931.0,A62,A72,1.0,A92,A101,1.0,A122,32.0,A142,A152,1.0,A172,1,A191,A201,2
A11,24,A32,A40,1442.0,A61,A74,4.0,A92,A101,4.0,A123,23.0,A143,A151,2.0,A173,1,A191,A201,2
A12,24,A30,A49,4241.0,A61,A73,1.0,A93,A101,4.0,A121,36.0,A143,A152,3.0,A172,1,A192,A201,2
A14,18,A34,A40,2775.0,A61,A74,2.0,A93,A101,2.0,A122,31.0,A141,A152,2.0,A173,1,A191,A201,2
A14,24,A33,A49,3863.0,A61,A73,1.0,A93,A101,2.0,A124,32.0,A143,A153,1.0,A173,1,A191,A201,1
A12,7,A32,A43,2329.0,A61,A72,1.0,A92,A103,1.0,A121,45.0,A143,A152,1.0,A173,1,A191,A201,1
A12,9,A32,A42,918.0,A61,A73,4.0,A92,A101,1.0,A122,30.0,A143,A152,1.0,A173,1,A191,A201,2
A12,24,A31,A46,1837.0,A61,A74,4.0,A92,A101,4.0,A124,34.0,A141,A153,1.0,A172,1,A191,A201,2
A14,36,A32,A42,3349.0,A61,A73,4.0,A92,A101,2.0,A123,28.0,A143,A152,1.0,A174,1,A192,A201,2
A13,10,A32,A42,1275.0,A61,A72,4.0,A92,A101,2.0,A122,23.0,A143,A152,1.0,A173,1,A191,A201,1
A11,24,A31,A42,2828.0,A63,A73,4.0,A93,A101,4.0,A121,22.0,A142,A152,1.0,A173,1,A192,A201,1
A14,24,A34,A49,4526.0,A61,A73,3.0,A93,A101,2.0,A121,74.0,A143,A152,1.0,A174,1,A192,A201,1
A12,36,A32,A43,2671.0,A62,A73,4.0,A92,A102,4.0,A124,50.0,A143,A153,1.0,A173,1,A191,A201,2
A14,18,A32,A43,2051.0,A61,A72,4.0,A93,A101,1.0,A121,33.0,A143,A152,1.0,A173,1,A191,A201,1
A14,15,A32,A41,1300.0,A65,A75,4.0,A93,A101,4.0,A124,45.0,A141,A153,1.0,A173,2,A191,A201,1
A11,12,A32,A44,741.0,A62,A71,4.0,A92,A101,3.0,A122,22.0,A143,A152,1.0,A173,1,A191,A201,2
A13,10,A32,A40,1240.0,A62,A75,1.0,A92,A101,4.0,A124,48.0,A143,A153,1.0,A172,2,A191,A201,2
A11,21,A32,A43,3357.0,A64,A72,4.0,A92,A101,2.0,A123,29.0,A141,A152,1.0,A173,1,A191,A201,1
A11,24,A31,A41,3632.0,A61,A73,1.0,A92,A103,4.0,A123,22.0,A141,A151,1.0,A173,1,A191,A202,1
A14,18,A33,A42,1808.0,A61,A74,4.0,A92,A101,1.0,A121,22.0,A143,A152,1.0,A173,1,A191,A201,2
A12,48,A30,A49,12204.0,A65,A73,2.0,A93,A101,2.0,A123,48.0,A141,A152,1.0,A174,1,A192,A201,1
A12,60,A33,A43,9157.0,A65,A73,2.0,A93,A101,2.0,A124,27.0,A143,A153,1.0,A174,1,A191,A201,1
A11,6,A34,A40,3676.0,A61,A73,1.0,A93,A101,3.0,A121,37.0,A143,A151,3.0,A173,2,A191,A201,1
A12,30,A32,A42,3441.0,A62,A73,2.0,A92,A102,4.0,A123,21.0,A143,A151,1.0,A173,1,A191,A201,2
A14,12,A32,A40,640.0,A61,A73,4.0,A91,A101,2.0,A121,49.0,A143,A152,1.0,A172,1,A191,A201,1
A12,21,A34,A49,3652.0,A61,A74,2.0,A93,A101,3.0,A122,27.0,A143,A152,2.0,A173,1,A191,A201,1
A14,18,A34,A40,1530.0,A61,A73,3.0,A93,A101,2.0,A122,32.0,A141,A152,2.0,A173,1,A191,A201,2
A14,48,A32,A49,3914.0,A65,A73,4.0,A91,A101,2.0,A121,38.0,A141,A152,1.0,A173,1,A191,A201,2
A11,12,A32,A42,1858.0,A61,A72,4.0,A92,A101,1.0,A123,22.0,A143,A151,1.0,A173,1,A191,A201,1
A11,18,A32,A43,2600.0,A61,A73,4.0,A93,A101,4.0,A124,65.0,A143,A153,2.0,A173,1,A191,A201,2
A14,15,A32,A43,1979.0,A65,A75,4.0,A93,A101,2.0,A123,35.0,A143,A152,1.0,A173,1,A191,A201,1
A13,6,A32,A42,2116.0,A61,A73,2.0,A93,A101,2.0,A121,41.0,A143,A152,1.0,A173,1,A192,A201,1
A12,9,A31,A40,1437.0,A62,A74,2.0,A93,A101,3.0,A124,29.0,A143,A152,1.0,A173,1,A191,A201,2
A14,42,A34,A42,4042.0,A63,A73,4.0,A93,A101,4.0,A121,36.0,A143,A152,2.0,A173,1,A192,A201,1
A14,9,A32,A46,3832.0,A65,A75,1.0,A93,A101,4.0,A121,64.0,A143,A152,1.0,A172,1,A191,A201,1
A11,24,A32,A43,3660.0,A61,A73,2.0,A92,A101,4.0,A123,28.0,A143,A152,1.0,A173,1,A191,A201,1
A11,18,A31,A42,1553.0,A61,A73,4.0,A93,A101,3.0,A123,44.0,A141,A152,1.0,A173,1,A191,A201,2
A12,15,A32,A43,1444.0,A65,A72,4.0,A93,A101,1.0,A122,23.0,A143,A152,1.0,A173,1,A191,A201,1
A14,9,A32,A42,1980.0,A61,A72,2.0,A92,A102,2.0,A123,19.0,A143,A151,2.0,A173,1,A191,A201,2
A12,24,A32,A40,1355.0,A61,A72,3.0,A92,A101,4.0,A123,25.0,A143,A152,1.0,A172,1,A192,A201,2
A14,12,A32,A46,1393.0,A61,A75,4.0,A93,A101,4.0,A122,47.0,A141,A152,3.0,A173,2,A192,A201,1
A14,24,A32,A43,1376.0,A63,A74,4.0,A92,A101,1.0,A123,28.0,A143,A152,1.0,A173,1,A191,A201,1
A14,60,A33,A43,15653.0,A61,A74,2.0,A93,A101,4.0,A123,21.0,A143,A152,2.0,A173,1,A192,A201,1
A14,12,A32,A43,1493.0,A61,A72,4.0,A92,A101,3.0,A123,34.0,A143,A152,1.0,A173,2,A191,A201,1
A11,42,A33,A43,4370.0,A61,A74,3.0,A93,A101,2.0,A122,26.0,A141,A152,2.0,A173,2,A192,A201,2
A11,18,A32,A46,750.0,A61,A71,4.0,A92,A101,1.0,A121,27.0,A143,A152,1.0,A171,1,A191,A201,2
A12,15,A32,A45,1308.0,A61,A75,4.0,A93,A101,4.0,A123,38.0,A143,A152,2.0,A172,1,A191,A201,1
A14,15,A32,A46,4623.0,A62,A73,3.0,A93,A101,2.0,A122,40.0,A143,A152,1.0,A174,1,A192,A201,2
A14,24,A34,A43,1851.0,A61,A74,4.0,A94,A103,2.0,A123,33.0,A143,A152,2.0,A173,1,A192,A201,1
A11,18,A34,A43,1880.0,A61,A74,4.0,A94,A101,1.0,A122,32.0,A143,A152,2.0,A174,1,A192,A201,1
A14,36,A33,A49,7980.0,A65,A72,4.0,A93,A101,4.0,A123,27.0,A143,A151,2.0,A173,1,A192,A201,2
A11,30,A30,A42,4583.0,A61,A73,2.0,A91,A103,2.0,A121,32.0,A143,A152,2.0,A173,1,A191,A201,1
A14,12,A32,A40,1386.0,A63,A73,2.0,A92,A101,2.0,A122,26.0,A143,A152,1.0,A173,1,A191,A201,2
A13,24,A32,A40,947.0,A61,A74,4.0,A93,A101,3.0,A124,38.0,A141,A153,1.0,A173,2,A191,A201,2
A11,12,A32,A46,684.0,A61,A73,4.0,A93,A101,4.0,A123,40.0,A143,A151,1.0,A172,2,A191,A201,2
A11,48,A32,A46,7476.0,A61,A74,4.0,A93,A101,1.0,A124,50.0,A143,A153,1.0,A174,1,A192,A201,1
A12,12,A32,A42,1922.0,A61,A73,4.0,A93,A101,2.0,A122,37.0,A143,A152,1.0,A172,1,A191,A201,2
A11,24,A32,A40,2303.0,A61,A75,4.0,A93,A102,1.0,A121,45.0,A143,A152,1.0,A173,1,A191,A201,2
A12,36,A33,A40,8086.0,A62,A75,2.0,A93,A101,4.0,A123,42.0,A143,A152,4.0,A174,1,A192,A201,2
A14,24,A34,A41,2346.0,A61,A74,4.0,A93,A101,3.0,A123,35.0,A143,A152,2.0,A173,1,A192,A201,1
A11,14,A32,A40,3973.0,A61,A71,1.0,A93,A101,4.0,A124,22.0,A143,A153,1.0,A173,1,A191,A201,1
A12,12,A32,A40,888.0,A61,A75,4.0,A93,A101,4.0,A123,41.0,A141,A152,1.0,A172,2,A191,A201,2
A14,48,A32,A43,10222.0,A65,A74,4.0,A93,A101,3.0,A123,37.0,A142,A152,1.0,A173,1,A192,A201,1
A12,30,A30,A49,4221.0,A61,A73,2.0,A92,A101,1.0,A123,28.0,A143,A152,2.0,A173,1,A191,A201,1
A12,18,A34,A42,6361.0,A61,A75,2.0,A93,A101,1.0,A124,41.0,A143,A152,1.0,A173,1,A192,A201,1
A13,12,A32,A43,1297.0,A61,A73,3.0,A94,A101,4.0,A121,23.0,A143,A151,1.0,A173,1,A191,A201,1
A11,12,A32,A40,900.0,A65,A73,4.0,A94,A101,2.0,A123,23.0,A143,A152,1.0,A173,1,A191,A201,2
A14,21,A32,A42,2241.0,A61,A75,4.0,A93,A101,2.0,A121,50.0,A143,A152,2.0,A173,1,A191,A201,1
A12,6,A33,A42,1050.0,A61,A71,4.0,A93,A101,1.0,A122,35.0,A142,A152,2.0,A174,1,A192,A201,1
A13,6,A34,A46,1047.0,A61,A73,2.0,A92,A101,4.0,A122,50.0,A143,A152,1.0,A172,1,A191,A201,1
A14,24,A34,A410,6314.0,A61,A71,4.0,A93,A102,2.0,A124,27.0,A141,A152,2.0,A174,1,A192,A201,1
A12,30,A31,A42,3496.0,A64,A73,4.0,A93,A101,2.0,A123,34.0,A142,A152,1.0,A173,2,A192,A201,1
A14,48,A31,A49,3609.0,A61,A73,1.0,A92,A101,1.0,A121,27.0,A142,A152,1.0,A173,1,A191,A201,1
A11,12,A34,A40,4843.0,A61,A75,3.0,A93,A102,4.0,A122,43.0,A143,A151,2.0,A173,1,A192,A201,2
A13,30,A34,A43,3017.0,A61,A75,4.0,A93,A101,4.0,A122,47.0,A143,A152,1.0,A173,1,A191,A201,1
A14,24,A34,A49,4139.0,A62,A73,3.0,A93,A101,3.0,A122,27.0,A143,A152,2.0,A172,1,A192,A201,1
A14,36,A32,A49,5742.0,A62,A74,2.0,A93,A101,2.0,A123,31.0,A143,A152,2.0,A173,1,A192,A201,1
A14,60,A32,A40,10366.0,A61,A75,2.0,A93,A101,4.0,A122,42.0,A143,A152,1.0,A174,1,A192,A201,1
A14,6,A34,A40,2080.0,A63,A73,1.0,A94,A101,2.0,A123,24.0,A143,A152,1.0,A173,1,A191,A201,1
A14,21,A33,A49,2580.0,A63,A72,4.0,A93,A101,2.0,A121,41.0,A141,A152,1.0,A172,2,A191,A201,2
A14,30,A34,A43,4530.0,A61,A74,4.0,A92,A101,4.0,A123,26.0,A143,A151,1.0,A174,1,A192,A201,1
A14,24,A34,A42,5150.0,A61,A75,4.0,A93,A101,4.0,A123,33.0,A143,A152,1.0,A173,1,A192,A201,1
A12,72,A32,A43,5595.0,A62,A73,2.0,A94,A101,2.0,A123,24.0,A143,A152,1.0,A173,1,A191,A201,2
A11,24,A32,A43,2384.0,A61,A75,4.0,A93,A101,4.0,A121,64.0,A141,A151,1.0,A172,1,A191,A201,1
A14,18,A32,A43,1453.0,A61,A72,3.0,A92,A101,1.0,A121,26.0,A143,A152,1.0,A173,1,A191,A201,1
A14,6,A32,A46,1538.0,A61,A72,1.0,A92,A101,2.0,A124,56.0,A143,A152,1.0,A173,1,A191,A201,1
A14,12,A32,A43,2279.0,A65,A73,4.0,A93,A101,4.0,A124,37.0,A143,A153,1.0,A173,1,A192,A201,1
A14,15,A33,A43,1478.0,A61,A73,4.0,A94,A101,3.0,A121,33.0,A141,A152,2.0,A173,1,A191,A201,1
A14,24,A34,A43,5103.0,A61,A72,3.0,A94,A101,3.0,A124,47.0,A143,A153,3.0,A173,1,A192,A201,1
A12,36,A33,A49,9857.0,A62,A74,1.0,A93,A101,3.0,A122,31.0,A143,A152,2.0,A172,2,A192,A201,1
A14,60,A32,A40,6527.0,A65,A73,4.0,A93,A101,4.0,A124,34.0,A143,A153,1.0,A173,2,A192,A201,1
A13,10,A34,A43,1347.0,A65,A74,4.0,A93,A101,2.0,A122,27.0,A143,A152,2.0,A173,1,A192,A201,1
A12,36,A33,A40,2862.0,A62,A75,4.0,A93,A101,3.0,A124,30.0,A143,A153,1.0,A173,1,A191,A201,1
A14,9,A32,A43,2753.0,A62,A75,3.0,A93,A102,4.0,A123,35.0,A143,A152,1.0,A173,1,A192,A201,1
A11,12,A32,A40,3651.0,A64,A73,1.0,A93,A101,3.0,A122,31.0,A143,A152,1.0,A173,2,A191,A201,1
A11,15,A34,A42,975.0,A61,A73,2.0,A91,A101,3.0,A122,25.0,A143,A152,2.0,A173,1,A191,A201,1
A12,15,A32,A45,2631.0,A62,A73,3.0,A92,A101,2.0,A121,25.0,A143,A152,1.0,A172,1,A191,A201,1
A12,24,A32,A43,2896.0,A62,A72,2.0,A93,A101,1.0,A123,29.0,A143,A152,1.0,A173,1,A191,A201,1
A11,6,A34,A40,4716.0,A65,A72,1.0,A93,A101,3.0,A121,44.0,A143,A152,2.0,A172,2,A191,A201,1
A14,24,A32,A43,2284.0,A61,A74,4.0,A93,A101,2.0,A123,28.0,A143,A152,1.0,A173,1,A192,A201,1
A14,6,A32,A41,1236.0,A63,A73,2.0,A93,A101,4.0,A122,50.0,A143,A151,1.0,A173,1,A191,A201,1
A12,12,A32,A43,1103.0,A61,A74,4.0,A93,A103,3.0,A121,29.0,A143,A152,2.0,A173,1,A191,A202,1
A14,12,A34,A40,926.0,A61,A71,1.0,A92,A101,2.0,A122,38.0,A143,A152,1.0,A171,1,A191,A201,1
A14,18,A34,A43,1800.0,A61,A73,4.0,A93,A101,2.0,A123,24.0,A143,A152,2.0,A173,1,A191,A201,1
A13,15,A32,A46,1905.0,A61,A75,4.0,A93,A101,4.0,A123,40.0,A143,A151,1.0,A174,1,A192,A201,1
A14,12,A32,A42,1123.0,A63,A73,4.0,A92,A101,4.0,A123,29.0,A143,A151,1.0,A172,1,A191,A201,2
A11,48,A34,A41,6331.0,A61,A75,4.0,A93,A101,4.0,A124,46.0,A143,A153,2.0,A173,1,A192,A201,2
A13,24,A32,A43,1377.0,A62,A75,4.0,A92,A101,2.0,A124,47.0,A143,A153,1.0,A173,1,A192,A201,1
A12,30,A33,A49,2503.0,A62,A75,4.0,A93,A101,2.0,A122,41.0,A142,A152,2.0,A173,1,A191,A201,1
A12,27,A32,A49,2528.0,A61,A72,4.0,A92,A101,1.0,A122,32.0,A143,A152,1.0,A173,2,A192,A201,1
A14,15,A32,A40,5324.0,A63,A75,1.0,A92,A101,4.0,A124,35.0,A143,A153,1.0,A173,1,A191,A201,1
A12,48,A32,A40,6560.0,A62,A74,3.0,A93,A101,2.0,A122,24.0,A143,A152,1.0,A173,1,A191,A201,2
A12,12,A30,A42,2969.0,A61,A72,4.0,A92,A101,3.0,A122,25.0,A143,A151,2.0,A173,1,A191,A201,2
A12,9,A32,A43,1206.0,A61,A75,4.0,A92,A101,4.0,A121,25.0,A143,A152,1.0,A173,1,A191,A201,1
A12,9,A32,A43,2118.0,A61,A73,2.0,A93,A101,2.0,A121,37.0,A143,A152,1.0,A172,2,A191,A201,1
A14,18,A34,A43,629.0,A63,A75,4.0,A93,A101,3.0,A122,32.0,A141,A152,2.0,A174,1,A192,A201,1
A11,6,A31,A46,1198.0,A61,A75,4.0,A92,A101,4.0,A124,35.0,A143,A153,1.0,A173,1,A191,A201,2
A14,21,A32,A41,2476.0,A65,A75,4.0,A93,A101,4.0,A121,46.0,A143,A152,1.0,A174,1,A192,A201,1
A11,9,A34,A43,1138.0,A61,A73,4.0,A93,A101,4.0,A121,25.0,A143,A152,2.0,A172,1,A191,A201,1
A12,60,A32,A40,14027.0,A61,A74,4.0,A93,A101,2.0,A124,27.0,A143,A152,1.0,A174,1,A192,A201,2
A14,30,A34,A41,7596.0,A65,A75,1.0,A93,A101,4.0,A123,63.0,A143,A152,2.0,A173,1,A191,A201,1
A14,30,A34,A43,3077.0,A65,A75,3.0,A93,A101,2.0,A123,40.0,A143,A152,2.0,A173,2,A192,A201,1
A14,18,A32,A43,1505.0,A61,A73,4.0,A93,A101,2.0,A124,32.0,A143,A153,1.0,A174,1,A192,A201,1
A13,24,A34,A43,3148.0,A65,A73,3.0,A93,A101,2.0,A123,31.0,A143,A152,2.0,A173,1,A192,A201,1
A12,20,A30,A41,6148.0,A62,A75,3.0,A94,A101,4.0,A123,31.0,A141,A152,2.0,A173,1,A192,A201,1
A13,9,A30,A43,1337.0,A61,A72,4.0,A93,A101,2.0,A123,34.0,A143,A152,2.0,A174,1,A192,A201,2
A12,6,A31,A46,433.0,A64,A72,4.0,A92,A101,2.0,A122,24.0,A141,A151,1.0,A173,2,A191,A201,2
A11,12,A32,A40,1228.0,A61,A73,4.0,A92,A101,2.0,A121,24.0,A143,A152,1.0,A172,1,A191,A201,2
A12,9,A32,A43,790.0,A63,A73,4.0,A92,A101,3.0,A121,66.0,A143,A152,1.0,A172,1,A191,A201,1
A14,27,A32,A40,2570.0,A61,A73,3.0,A92,A101,3.0,A121,21.0,A143,A151,1.0,A173,1,A191,A201,2
A14,6,A34,A40,250.0,A64,A73,2.0,A92,A101,2.0,A121,41.0,A141,A152,2.0,A172,1,A191,A201,1
A14,15,A34,A43,1316.0,A63,A73,2.0,A94,A101,2.0,A122,47.0,A143,A152,2.0,A172,1,A191,A201,1
A11,18,A32,A43,1882.0,A61,A73,4.0,A92,A101,4.0,A123,25.0,A141,A151,2.0,A173,1,A191,A201,2
A12,48,A31,A49,6416.0,A61,A75,4.0,A92,A101,3.0,A124,59.0,A143,A151,1.0,A173,1,A191,A201,2
A13,24,A34,A49,1275.0,A64,A73,2.0,A91,A101,4.0,A121,36.0,A143,A152,2.0,A173,1,A192,A201,1
A12,24,A33,A43,6403.0,A61,A72,1.0,A93,A101,2.0,A123,33.0,A143,A152,1.0,A173,1,A191,A201,1
A11,24,A32,A43,1987.0,A61,A73,2.0,A93,A101,4.0,A121,21.0,A143,A151,1.0,A172,2,A191,A201,2
A12,8,A32,A43,760.0,A61,A74,4.0,A92,A103,2.0,A121,44.0,A143,A152,1.0,A172,1,A191,A201,1
A14,24,A32,A41,2603.0,A64,A73,2.0,A92,A101,4.0,A123,28.0,A143,A151,1.0,A173,1,A192,A201,1
A14,4,A34,A40,3380.0,A61,A74,1.0,A92,A101,1.0,A121,37.0,A143,A152,1.0,A173,2,A191,A201,1
A12,36,A31,A44,3990.0,A65,A72,3.0,A92,A101,2.0,A124,29.0,A141,A152,1.0,A171,1,A191,A201,1
A12,24,A32,A41,11560.0,A61,A73,1.0,A92,A101,4.0,A123,23.0,A143,A151,2.0,A174,1,A191,A201,2
A11,18,A32,A40,4380.0,A62,A73,3.0,A93,A101,4.0,A123,35.0,A143,A152,1.0,A172,2,A192,A201,1
A14,6,A34,A40,6761.0,A61,A74,1.0,A93,A101,3.0,A124,45.0,A143,A152,2.0,A174,2,A192,A201,1
A12,30,A30,A49,4280.0,A62,A73,4.0,A92,A101,4.0,A123,26.0,A143,A151,2.0,A172,1,A191,A201,2
A11,24,A31,A40,2325.0,A62,A74,2.0,A93,A101,3.0,A123,32.0,A141,A152,1.0,A173,1,A191,A201,1
A12,10,A31,A43,1048.0,A61,A73,4.0,A93,A101,4.0,A121,23.0,A142,A152,1.0,A172,1,A191,A201,1
A14,21,A32,A43,3160.0,A65,A75,4.0,A93,A101,3.0,A122,41.0,A143,A152,1.0,A173,1,A192,A201,1
A11,24,A31,A42,2483.0,A63,A73,4.0,A93,A101,4.0,A121,22.0,A142,A152,1.0,A173,1,A192,A201,1
A11,39,A34,A42,14179.0,A65,A74,4.0,A93,A101,4.0,A122,30.0,A143,A152,2.0,A174,1,A192,A201,1
A11,13,A34,A49,1797.0,A61,A72,3.0,A93,A101,1.0,A122,28.0,A141,A152,2.0,A172,1,A191,A201,1
A11,15,A32,A40,2511.0,A61,A71,1.0,A92,A101,4.0,A123,23.0,A143,A151,1.0,A173,1,A191,A201,1
A11,12,A32,A40,1274.0,A61,A72,3.0,A92,A101,1.0,A121,37.0,A143,A152,1.0,A172,1,A191,A201,2
A14,21,A32,A41,5248.0,A65,A73,1.0,A93,A101,3.0,A123,26.0,A143,A152,1.0,A173,1,A191,A201,1
A14,15,A32,A41,3029.0,A61,A74,2.0,A93,A101,2.0,A123,33.0,A143,A152,1.0,A173,1,A191,A201,1
A11,6,A32,A42,428.0,A61,A75,2.0,A92,A101,1.0,A122,49.0,A141,A152,1.0,A173,1,A192,A201,1
A11,18,A32,A40,976.0,A61,A72,1.0,A92,A101,2.0,A123,23.0,A143,A152,1.0,A172,1,A191,A201,2
A12,12,A32,A49,841.0,A62,A74,2.0,A92,A101,4.0,A121,23.0,A143,A151,1.0,A172,1,A191,A201,1
A14,30,A34,A43,5771.0,A61,A74,4.0,A92,A101,2.0,A123,25.0,A143,A152,2.0,A173,1,A191,A201,1
A14,12,A33,A45,1555.0,A64,A75,4.0,A93,A101,4.0,A124,55.0,A143,A153,2.0,A173,2,A191,A201,2
A11,24,A32,A40,1285.0,A65,A74,4.0,A92,A101,4.0,A124,32.0,A143,A151,1.0,A173,1,A191,A201,2
A13,6,A34,A40,1299.0,A61,A73,1.0,A93,A101,1.0,A121,74.0,A143,A152,3.0,A171,2,A191,A202,1
A13,15,A34,A43,1271.0,A65,A73,3.0,A93,A101,4.0,A124,39.0,A143,A153,2.0,A173,1,A192,A201,2
A14,24,A32,A40,1393.0,A61,A73,2.0,A93,A103,2.0,A121,31.0,A143,A152,1.0,A173,1,A192,A201,1
A11,12,A34,A40,691.0,A61,A75,4.0,A93,A101,3.0,A122,35.0,A143,A152,2.0,A173,1,A191,A201,2
A14,15,A34,A40,5045.0,A65,A75,1.0,A92,A101,4.0,A123,59.0,A143,A152,1.0,A173,1,A192,A201,1
A11,18,A34,A42,2124.0,A61,A73,4.0,A92,A101,4.0,A121,24.0,A143,A151,2.0,A173,1,A191,A201,2
A11,12,A32,A43,2214.0,A61,A73,4.0,A93,A101,3.0,A122,24.0,A143,A152,1.0,A172,1,A191,A201,1
A14,21,A34,A40,12680.0,A65,A75,4.0,A93,A101,4.0,A124,30.0,A143,A153,1.0,A174,1,A192,A201,2
A14,24,A34,A40,2463.0,A62,A74,4.0,A94,A101,3.0,A122,27.0,A143,A152,2.0,A173,1,A192,A201,1
A12,12,A32,A43,1155.0,A61,A75,3.0,A94,A103,3.0,A121,40.0,A141,A152,2.0,A172,1,A191,A201,1
A11,30,A32,A42,3108.0,A61,A72,2.0,A91,A101,4.0,A122,31.0,A143,A152,1.0,A172,1,A191,A201,2
A14,10,A32,A41,2901.0,A65,A72,1.0,A92,A101,4.0,A121,31.0,A143,A151,1.0,A173,1,A191,A201,1
A12,12,A34,A42,3617.0,A61,A75,1.0,A93,A101,4.0,A123,28.0,A143,A151,3.0,A173,1,A192,A201,1
A14,12,A34,A43,1655.0,A61,A75,2.0,A93,A101,4.0,A121,63.0,A143,A152,2.0,A172,1,A192,A201,1
A11,24,A32,A41,2812.0,A65,A75,2.0,A92,A101,4.0,A121,26.0,A143,A151,1.0,A173,1,A191,A201,1
A11,36,A34,A46,8065.0,A61,A73,3.0,A92,A101,2.0,A124,25.0,A143,A152,2.0,A174,1,A192,A201,2
A14,21,A34,A41,3275.0,A61,A75,1.0,A93,A101,4.0,A123,36.0,A143,A152,1.0,A174,1,A192,A201,1
A14,24,A34,A43,2223.0,A62,A75,4.0,A93,A101,4.0,A122,52.0,A141,A152,2.0,A173,1,A191,A201,1
A13,12,A34,A40,1480.0,A63,A71,2.0,A93,A101,4.0,A124,66.0,A141,A153,3.0,A171,1,A191,A201,1
A11,24,A32,A40,1371.0,A65,A73,4.0,A92,A101,4.0,A121,25.0,A143,A151,1.0,A173,1,A191,A201,2
A14,36,A34,A40,3535.0,A61,A74,4.0,A93,A101,4.0,A123,37.0,A143,A152,2.0,A173,1,A192,A201,1
A11,18,A32,A43,3509.0,A61,A74,4.0,A92,A103,1.0,A121,25.0,A143,A152,1.0,A173,1,A191,A201,1
A14,36,A34,A41,5711.0,A64,A75,4.0,A93,A101,2.0,A123,38.0,A143,A152,2.0,A174,1,A192,A201,1
A12,18,A32,A45,3872.0,A61,A71,2.0,A92,A101,4.0,A123,67.0,A143,A152,1.0,A173,1,A192,A201,1
A12,39,A34,A43,4933.0,A61,A74,2.0,A93,A103,2.0,A121,25.0,A143,A152,2.0,A173,1,A191,A201,2
A14,24,A34,A40,1940.0,A64,A75,4.0,A93,A101,4.0,A121,60.0,A143,A152,1.0,A173,1,A192,A201,1
A12,12,A30,A48,1410.0,A61,A73,2.0,A93,A101,2.0,A121,31.0,A143,A152,1.0,A172,1,A192,A201,1
A12,12,A32,A40,836.0,A62,A72,4.0,A92,A101,2.0,A122,23.0,A141,A152,1.0,A172,1,A191,A201,2
A12,20,A32,A41,6468.0,A65,A71,1.0,A91,A101,4.0,A121,60.0,A143,A152,1.0,A174,1,A192,A201,1
A12,18,A32,A49,1941.0,A64,A73,4.0,A93,A101,2.0,A122,35.0,A143,A152,1.0,A172,1,A192,A201,1
A14,22,A32,A43,2675.0,A63,A75,3.0,A93,A101,4.0,A123,40.0,A143,A152,1.0,A173,1,A191,A201,1
A14,48,A34,A41,2751.0,A65,A75,4.0,A93,A101,3.0,A123,38.0,A143,A152,2.0,A173,2,A192,A201,1
A12,48,A33,A46,6224.0,A61,A75,4.0,A93,A101,4.0,A124,50.0,A143,A153,1.0,A173,1,A191,A201,2
A11,40,A34,A46,5998.0,A61,A73,4.0,A93,A101,3.0,A124,27.0,A141,A152,1.0,A173,1,A192,A201,2
A12,21,A32,A49,1188.0,A61,A75,2.0,A92,A101,4.0,A122,39.0,A143,A152,1.0,A173,2,A191,A201,2
A14,24,A32,A41,6313.0,A65,A75,3.0,A93,A101,4.0,A123,41.0,A143,A152,1.0,A174,2,A192,A201,1
A14,6,A34,A42,1221.0,A65,A73,1.0,A94,A101,2.0,A122,27.0,A143,A152,2.0,A173,1,A191,A201,1
A13,24,A32,A42,2892.0,A61,A75,3.0,A91,A101,4.0,A124,51.0,A143,A153,1.0,A173,1,A191,A201,1
A14,24,A32,A42,3062.0,A63,A75,4.0,A93,A101,3.0,A124,32.0,A143,A151,1.0,A173,1,A192,A201,1
A14,9,A32,A42,2301.0,A62,A72,2.0,A92,A101,4.0,A122,22.0,A143,A151,1.0,A173,1,A191,A201,1
A11,18,A32,A41,7511.0,A65,A75,1.0,A93,A101,4.0,A122,51.0,A143,A153,1.0,A173,2,A192,A201,2
A14,12,A34,A42,1258.0,A61,A72,2.0,A92,A101,4.0,A122,22.0,A143,A151,2.0,A172,1,A191,A201,1
A14,24,A33,A40,717.0,A65,A75,4.0,A94,A101,4.0,A123,54.0,A143,A152,2.0,A173,1,A192,A201,1
A12,9,A32,A40,1549.0,A65,A72,4.0,A93,A101,2.0,A121,35.0,A143,A152,1.0,A171,1,A191,A201,1
A14,24,A34,A46,1597.0,A61,A75,4.0,A93,A101,4.0,A124,54.0,A143,A153,2.0,A173,2,A191,A201,1
A12,18,A34,A43,1795.0,A61,A75,3.0,A92,A103,4.0,A121,48.0,A141,A151,2.0,A172,1,A192,A201,1
A11,20,A34,A42,4272.0,A61,A75,1.0,A92,A101,4.0,A122,24.0,A143,A152,2.0,A173,1,A191,A201,1
A14,12,A34,A43,976.0,A65,A75,4.0,A93,A101,4.0,A123,35.0,A143,A152,2.0,A173,1,A191,A201,1
A12,12,A32,A40,7472.0,A65,A71,1.0,A92,A101,2.0,A121,24.0,A143,A151,1.0,A171,1,A191,A201,1
A11,36,A32,A40,9271.0,A61,A74,2.0,A93,A101,1.0,A123,24.0,A143,A152,1.0,A173,1,A192,A201,2
A12,6,A32,A43,590.0,A61,A72,3.0,A94,A101,3.0,A121,26.0,A143,A152,1.0,A172,1,A191,A202,1
A14,12,A34,A43,930.0,A65,A75,4.0,A93,A101,4.0,A121,65.0,A143,A152,4.0,A173,1,A191,A201,1
A12,42,A31,A41,9283.0,A61,A71,1.0,A93,A101,2.0,A124,55.0,A141,A153,1.0,A174,1,A192,A201,1
A12,15,A30,A40,1778.0,A61,A72,2.0,A92,A101,1.0,A121,26.0,A143,A151,2.0,A171,1,A191,A201,2
A12,8,A32,A49,907.0,A61,A72,3.0,A94,A101,2.0,A121,26.0,A143,A152,1.0,A173,1,A192,A201,1
A12,6,A32,A43,484.0,A61,A74,3.0,A94,A103,3.0,A121,28.0,A141,A152,1.0,A172,1,A191,A201,1
A11,36,A34,A41,9629.0,A61,A74,4.0,A93,A101,4.0,A123,24.0,A143,A152,2.0,A173,1,A192,A201,2
A11,48,A32,A44,3051.0,A61,A73,3.0,A93,A101,4.0,A123,54.0,A143,A152,1.0,A173,1,A191,A201,2
A11,48,A32,A40,3931.0,A61,A74,4.0,A93,A101,4.0,A124,46.0,A143,A153,1.0,A173,2,A191,A201,2
A12,36,A33,A40,7432.0,A61,A73,2.0,A92,A101,2.0,A122,54.0,A143,A151,1.0,A173,1,A191,A201,1
A14,6,A32,A44,1338.0,A63,A73,1.0,A91,A101,4.0,A121,62.0,A143,A152,1.0,A173,1,A191,A201,1
A14,6,A34,A43,1554.0,A61,A74,1.0,A92,A101,2.0,A123,24.0,A143,A151,2.0,A173,1,A192,A201,1
A11,36,A32,A410,15857.0,A61,A71,2.0,A91,A102,3.0,A123,43.0,A143,A152,1.0,A174,1,A191,A201,1
A11,18,A32,A43,1345.0,A61,A73,4.0,A94,A101,3.0,A121,26.0,A141,A152,1.0,A173,1,A191,A201,2
A14,12,A32,A40,1101.0,A61,A73,3.0,A94,A101,2.0,A121,27.0,A143,A152,2.0,A173,1,A192,A201,1
A13,12,A32,A43,3016.0,A61,A73,3.0,A94,A101,1.0,A123,24.0,A143,A152,1.0,A173,1,A191,A201,1
A11,36,A32,A42,2712.0,A61,A75,2.0,A93,A101,2.0,A122,41.0,A141,A152,1.0,A173,2,A191,A201,2
A11,8,A34,A40,731.0,A61,A75,4.0,A93,A101,4.0,A121,47.0,A143,A152,2.0,A172,1,A191,A201,1
A14,18,A34,A42,3780.0,A61,A72,3.0,A91,A101,2.0,A123,35.0,A143,A152,2.0,A174,1,A192,A201,1
A11,21,A34,A40,1602.0,A61,A75,4.0,A94,A101,3.0,A123,30.0,A143,A152,2.0,A173,1,A192,A201,1
A11,18,A34,A40,3966.0,A61,A75,1.0,A92,A101,4.0,A121,33.0,A141,A151,3.0,A173,1,A192,A201,2
A14,18,A30,A49,4165.0,A61,A73,2.0,A93,A101,2.0,A123,36.0,A142,A152,2.0,A173,2,A191,A201,2
A11,36,A32,A41,8335.0,A65,A75,3.0,A93,A101,4.0,A124,47.0,A143,A153,1.0,A173,1,A191,A201,2
A12,48,A33,A49,6681.0,A65,A73,4.0,A93,A101,4.0,A124,38.0,A143,A153,1.0,A173,2,A192,A201,1
A14,24,A33,A49,2375.0,A63,A73,4.0,A93,A101,2.0,A123,44.0,A143,A152,2.0,A173,2,A192,A201,1
A11,18,A32,A40,1216.0,A61,A72,4.0,A92,A101,3.0,A123,23.0,A143,A151,1.0,A173,1,A192,A201,2
A11,45,A30,A49,11816.0,A61,A75,2.0,A93,A101,4.0,A123,29.0,A143,A151,2.0,A173,1,A191,A201,2
A12,24,A32,A43,5084.0,A65,A75,2.0,A92,A101,4.0,A123,42.0,A143,A152,1.0,A173,1,A192,A201,1
A13,15,A32,A43,2327.0,A61,A72,2.0,A92,A101,3.0,A121,25.0,A143,A152,1.0,A172,1,A191,A201,2
A11,12,A30,A40,1082.0,A61,A73,4.0,A93,A101,4.0,A123,48.0,A141,A152,2.0,A173,1,A191,A201,2
A14,12,A32,A43,886.0,A65,A73,4.0,A92,A101,2.0,A123,21.0,A143,A152,1.0,A173,1,A191,A201,1
A14,4,A32,A42,601.0,A61,A72,1.0,A92,A101,3.0,A121,23.0,A143,A151,1.0,A172,2,A191,A201,1
A11,24,A34,A41,2957.0,A61,A75,4.0,A93,A101,4.0,A122,63.0,A143,A152,2.0,A173,1,A192,A201,1
A14,24,A34,A43,2611.0,A61,A75,4.0,A94,A102,3.0,A121,46.0,A143,A152,2.0,A173,1,A191,A201,1
A11,36,A32,A42,5179.0,A61,A74,4.0,A93,A101,2.0,A122,29.0,A143,A152,1.0,A173,1,A191,A201,2
A14,21,A33,A41,2993.0,A61,A73,3.0,A93,A101,2.0,A121,28.0,A142,A152,2.0,A172,1,A191,A201,1
A14,18,A32,A45,1943.0,A61,A72,4.0,A92,A101,4.0,A121,23.0,A143,A152,1.0,A173,1,A191,A201,2
A14,24,A31,A49,1559.0,A61,A74,4.0,A93,A101,4.0,A123,50.0,A141,A152,1.0,A173,1,A192,A201,1
A14,18,A32,A42,3422.0,A61,A75,4.0,A93,A101,4.0,A122,47.0,A141,A152,3.0,A173,2,A192,A201,1
A12,21,A32,A42,3976.0,A65,A74,2.0,A93,A101,3.0,A123,35.0,A143,A152,1.0,A173,1,A192,A201,1
A14,18,A32,A40,6761.0,A65,A73,2.0,A93,A101,4.0,A123,68.0,A143,A151,2.0,A173,1,A191,A201,2
A14,24,A32,A40,1249.0,A61,A72,4.0,A94,A101,2.0,A121,28.0,A143,A152,1.0,A173,1,A191,A201,1
A11,9,A32,A43,1364.0,A61,A74,3.0,A93,A101,4.0,A121,59.0,A143,A152,1.0,A173,1,A191,A201,1
A11,12,A32,A43,709.0,A61,A75,4.0,A93,A101,4.0,A121,57.0,A142,A152,1.0,A172,1,A191,A201,2
A11,20,A34,A40,2235.0,A61,A73,4.0,A94,A103,2.0,A122,33.0,A141,A151,2.0,A173,1,A191,A202,2
A14,24,A34,A41,4042.0,A65,A74,3.0,A93,A101,4.0,A122,43.0,A143,A152,2.0,A173,1,A192,A201,1
A14,15,A34,A43,1471.0,A61,A73,4.0,A93,A101,4.0,A124,35.0,A143,A153,2.0,A173,1,A192,A201,1
A11,18,A31,A40,1442.0,A61,A74,4.0,A93,A101,4.0,A124,32.0,A143,A153,2.0,A172,2,A191,A201,2
A14,36,A33,A40,10875.0,A61,A75,2.0,A93,A101,2.0,A123,45.0,A143,A152,2.0,A173,2,A192,A201,1
A14,24,A32,A40,1474.0,A62,A72,4.0,A94,A101,3.0,A121,33.0,A143,A152,1.0,A173,1,A192,A201,1
A14,10,A32,A48,894.0,A65,A74,4.0,A92,A101,3.0,A122,40.0,A143,A152,1.0,A173,1,A192,A201,1
A14,15,A34,A42,3343.0,A61,A73,4.0,A93,A101,2.0,A124,28.0,A143,A153,1.0,A173,1,A192,A201,1
A11,15,A32,A40,3959.0,A61,A73,3.0,A92,A101,2.0,A122,29.0,A143,A152,1.0,A173,1,A192,A201,2
A14,9,A32,A40,3577.0,A62,A73,1.0,A93,A103,2.0,A121,26.0,A143,A151,1.0,A173,2,A191,A202,1
A14,24,A34,A41,5804.0,A64,A73,4.0,A93,A101,2.0,A121,27.0,A143,A152,2.0,A173,1,A191,A201,1
A14,18,A33,A49,2169.0,A61,A73,4.0,A94,A101,2.0,A123,28.0,A143,A152,1.0,A173,1,A192,A201,2
A11,24,A32,A43,2439.0,A61,A72,4.0,A92,A101,4.0,A121,35.0,A143,A152,1.0,A173,1,A192,A201,2
A14,27,A34,A42,4526.0,A64,A72,4.0,A93,A101,2.0,A121,32.0,A142,A152,2.0,A172,2,A192,A201,1
A14,10,A32,A42,2210.0,A61,A73,2.0,A93,A101,2.0,A121,25.0,A141,A151,1.0,A172,1,A191,A201,2
A14,15,A32,A42,2221.0,A63,A73,2.0,A92,A101,4.0,A123,20.0,A143,A151,1.0,A173,1,A191,A201,1
A11,18,A32,A43,2389.0,A61,A72,4.0,A92,A101,1.0,A123,27.0,A142,A152,1.0,A173,1,A191,A201,1
A14,12,A34,A42,3331.0,A61,A75,2.0,A93,A101,4.0,A122,42.0,A142,A152,1.0,A173,1,A191,A201,1
A14,36,A32,A49,7409.0,A65,A75,3.0,A93,A101,2.0,A122,37.0,A143,A152,2.0,A173,1,A191,A201,1
A11,12,A32,A42,652.0,A61,A75,4.0,A92,A101,4.0,A122,24.0,A143,A151,1.0,A173,1,A191,A201,1
A14,36,A33,A42,7678.0,A63,A74,2.0,A92,A101,4.0,A123,40.0,A143,A152,2.0,A173,1,A192,A201,1
A13,6,A34,A40,1343.0,A61,A75,1.0,A93,A101,4.0,A121,46.0,A143,A152,2.0,A173,2,A191,A202,1
A11,24,A34,A49,1382.0,A62,A74,4.0,A93,A101,1.0,A121,26.0,A143,A152,2.0,A173,1,A192,A201,1
A14,15,A32,A44,874.0,A65,A72,4.0,A92,A101,1.0,A121,24.0,A143,A152,1.0,A173,1,A191,A201,1
A11,12,A32,A42,3590.0,A61,A73,2.0,A93,A102,2.0,A122,29.0,A143,A152,1.0,A172,2,A191,A201,1
A12,11,A34,A40,1322.0,A64,A73,4.0,A92,A101,4.0,A123,40.0,A143,A152,2.0,A173,1,A191,A201,1
A11,18,A31,A43,1940.0,A61,A72,3.0,A93,A102,4.0,A124,36.0,A141,A153,1.0,A174,1,A192,A201,1
A14,36,A32,A43,3595.0,A61,A75,4.0,A93,A101,2.0,A123,28.0,A143,A152,1.0,A173,1,A191,A201,1
A11,9,A32,A40,1422.0,A61,A72,3.0,A93,A101,2.0,A124,27.0,A143,A153,1.0,A174,1,A192,A201,2
A14,30,A34,A43,6742.0,A65,A74,2.0,A93,A101,3.0,A122,36.0,A143,A152,2.0,A173,1,A191,A201,1
A14,24,A32,A41,7814.0,A61,A74,3.0,A93,A101,3.0,A123,38.0,A143,A152,1.0,A174,1,A192,A201,1
A14,24,A32,A41,9277.0,A65,A73,2.0,A91,A101,4.0,A124,48.0,A143,A153,1.0,A173,1,A192,A201,1
A12,30,A34,A40,2181.0,A65,A75,4.0,A93,A101,4.0,A121,36.0,A143,A152,2.0,A173,1,A191,A201,1
A14,18,A34,A43,1098.0,A61,A71,4.0,A92,A101,4.0,A123,65.0,A143,A152,2.0,A171,1,A191,A201,1
A12,24,A32,A42,4057.0,A61,A74,3.0,A91,A101,3.0,A123,43.0,A143,A152,1.0,A173,1,A192,A201,2
A11,12,A32,A46,795.0,A61,A72,4.0,A92,A101,4.0,A122,53.0,A143,A152,1.0,A173,1,A191,A201,2
A12,24,A34,A49,2825.0,A65,A74,4.0,A93,A101,3.0,A124,34.0,A143,A152,2.0,A173,2,A192,A201,1
A12,48,A32,A49,15672.0,A61,A73,2.0,A93,A101,2.0,A123,23.0,A143,A152,1.0,A173,1,A192,A201,2
A14,36,A34,A40,6614.0,A61,A75,4.0,A93,A101,4.0,A123,34.0,A143,A152,2.0,A174,1,A192,A201,1
A14,28,A31,A41,7824.0,A65,A72,3.0,A93,A103,4.0,A121,40.0,A141,A151,2.0,A173,2,A192,A201,1
A11,27,A34,A49,2442.0,A61,A75,4.0,A93,A101,4.0,A123,43.0,A142,A152,4.0,A174,2,A192,A201,1
A14,15,A34,A43,1829.0,A61,A75,4.0,A93,A101,4.0,A123,46.0,A143,A152,2.0,A173,1,A192,A201,1
A11,12,A34,A40,2171.0,A61,A73,4.0,A93,A101,4.0,A122,38.0,A141,A152,2.0,A172,1,A191,A202,1
A12,36,A34,A41,5800.0,A61,A73,3.0,A93,A101,4.0,A123,34.0,A143,A152,2.0,A173,1,A192,A201,1
A14,18,A34,A43,1169.0,A65,A73,4.0,A93,A101,3.0,A122,29.0,A143,A152,2.0,A173,1,A192,A201,1
A14,36,A33,A41,8947.0,A65,A74,3.0,A93,A101,2.0,A123,31.0,A142,A152,1.0,A174,2,A192,A201,1
A11,21,A32,A43,2606.0,A61,A72,4.0,A92,A101,4.0,A122,28.0,A143,A151,1.0,A174,1,A192,A201,1
A14,12,A34,A42,1592.0,A64,A74,3.0,A92,A101,2.0,A122,35.0,A143,A152,1.0,A173,1,A191,A202,1
A14,15,A32,A42,2186.0,A65,A74,1.0,A92,A101,4.0,A121,33.0,A141,A151,1.0,A172,1,A191,A201,1
A11,18,A32,A42,4153.0,A61,A73,2.0,A93,A102,3.0,A123,42.0,A143,A152,1.0,A173,1,A191,A201,2
A11,16,A34,A40,2625.0,A61,A75,2.0,A93,A103,4.0,A122,43.0,A141,A151,1.0,A173,1,A192,A201,2
A14,20,A34,A40,3485.0,A65,A72,2.0,A91,A101,4.0,A121,44.0,A143,A152,2.0,A173,1,A192,A201,1
A14,36,A34,A41,10477.0,A65,A75,2.0,A93,A101,4.0,A124,42.0,A143,A153,2.0,A173,1,A191,A201,1
A14,15,A32,A43,1386.0,A65,A73,4.0,A94,A101,2.0,A121,40.0,A143,A151,1.0,A173,1,A192,A201,1
A14,24,A32,A43,1278.0,A61,A75,4.0,A93,A101,1.0,A121,36.0,A143,A152,1.0,A174,1,A192,A201,1
A11,12,A32,A43,1107.0,A61,A73,2.0,A93,A101,2.0,A121,20.0,A143,A151,1.0,A174,2,A192,A201,1
A11,21,A32,A40,3763.0,A65,A74,2.0,A93,A102,2.0,A121,24.0,A143,A152,1.0,A172,1,A191,A202,1
A12,36,A32,A46,3711.0,A65,A73,2.0,A94,A101,2.0,A123,27.0,A143,A152,1.0,A173,1,A191,A201,1
A14,15,A33,A41,3594.0,A61,A72,1.0,A92,A101,2.0,A122,46.0,A143,A152,2.0,A172,1,A191,A201,1
A12,9,A32,A40,3195.0,A65,A73,1.0,A92,A101,2.0,A121,33.0,A143,A152,1.0,A172,1,A191,A201,1
A14,36,A33,A43,4454.0,A61,A73,4.0,A92,A101,4.0,A121,34.0,A143,A152,2.0,A173,1,A191,A201,1
A12,24,A34,A42,4736.0,A61,A72,2.0,A92,A101,4.0,A123,25.0,A141,A152,1.0,A172,1,A191,A201,2
A12,30,A32,A43,2991.0,A65,A75,2.0,A92,A101,4.0,A123,25.0,A143,A152,1.0,A173,1,A191,A201,1
A14,11,A32,A49,2142.0,A64,A75,1.0,A91,A101,2.0,A121,28.0,A143,A152,1.0,A173,1,A192,A201,1
A11,24,A31,A49,3161.0,A61,A73,4.0,A93,A101,2.0,A122,31.0,A143,A151,1.0,A173,1,A192,A201,2
A12,48,A30,A410,18424.0,A61,A73,1.0,A92,A101,2.0,A122,32.0,A141,A152,1.0,A174,1,A192,A202,2
A14,10,A32,A41,2848.0,A62,A73,1.0,A93,A102,2.0,A121,32.0,A143,A152,1.0,A173,2,A191,A201,1
A11,6,A32,A40,14896.0,A61,A75,1.0,A93,A101,4.0,A124,68.0,A141,A152,1.0,A174,1,A192,A201,2
A11,24,A32,A42,2359.0,A62,A71,1.0,A91,A101,1.0,A122,33.0,A143,A152,1.0,A173,1,A191,A201,2
A11,24,A32,A42,3345.0,A61,A75,4.0,A93,A101,2.0,A122,39.0,A143,A151,1.0,A174,1,A192,A201,2
A14,18,A34,A42,1817.0,A61,A73,4.0,A92,A101,2.0,A124,28.0,A143,A152,2.0,A173,1,A191,A201,1
A14,48,A33,A43,12749.0,A63,A74,4.0,A93,A101,1.0,A123,37.0,A143,A152,1.0,A174,1,A192,A201,1
A11,9,A32,A43,1366.0,A61,A72,3.0,A92,A101,4.0,A122,22.0,A143,A151,1.0,A173,1,A191,A201,2
A12,12,A32,A40,2002.0,A61,A74,3.0,A93,A101,4.0,A122,30.0,A143,A151,1.0,A173,2,A192,A201,1
A11,24,A31,A42,6872.0,A61,A72,2.0,A91,A101,1.0,A122,55.0,A141,A152,1.0,A173,1,A192,A201,2
A11,12,A31,A40,697.0,A61,A72,4.0,A93,A101,2.0,A123,46.0,A141,A152,2.0,A173,1,A192,A201,2
A11,18,A34,A42,1049.0,A61,A72,4.0,A92,A101,4.0,A122,21.0,A143,A151,1.0,A173,1,A191,A201,1
A11,48,A32,A41,10297.0,A61,A74,4.0,A93,A101,4.0,A124,39.0,A142,A153,3.0,A173,2,A192,A201,2
A14,30,A32,A43,1867.0,A65,A75,4.0,A93,A101,4.0,A123,58.0,A143,A152,1.0,A173,1,A192,A201,1
A11,12,A33,A40,1344.0,A61,A73,4.0,A93,A101,2.0,A121,43.0,A143,A152,2.0,A172,2,A191,A201,1
A11,24,A32,A42,1747.0,A61,A72,4.0,A93,A102,1.0,A122,24.0,A143,A152,1.0,A172,1,A191,A202,1
A12,9,A32,A43,1670.0,A61,A72,4.0,A92,A101,2.0,A123,22.0,A143,A152,1.0,A173,1,A192,A201,2
A14,9,A34,A40,1224.0,A61,A73,3.0,A93,A101,1.0,A121,30.0,A143,A152,2.0,A173,1,A191,A201,1
A14,12,A34,A43,522.0,A63,A75,4.0,A93,A101,4.0,A122,42.0,A143,A152,2.0,A173,2,A192,A201,1
A11,12,A32,A43,1498.0,A61,A73,4.0,A92,A101,1.0,A123,23.0,A141,A152,1.0,A173,1,A191,A201,1
A12,30,A33,A43,1919.0,A62,A72,4.0,A93,A101,3.0,A124,30.0,A142,A152,2.0,A174,1,A191,A201,2
A13,9,A32,A43,745.0,A61,A73,3.0,A92,A101,2.0,A121,28.0,A143,A152,1.0,A172,1,A191,A201,2
A12,6,A32,A43,2063.0,A61,A72,4.0,A94,A101,3.0,A123,30.0,A143,A151,1.0,A174,1,A192,A201,1
A12,60,A32,A46,6288.0,A61,A73,4.0,A93,A101,4.0,A124,42.0,A143,A153,1.0,A173,1,A191,A201,2
A14,24,A34,A41,6842.0,A65,A73,2.0,A93,A101,4.0,A122,46.0,A143,A152,2.0,A174,2,A192,A201,1
A14,12,A32,A40,3527.0,A65,A72,2.0,A93,A101,3.0,A122,45.0,A143,A152,1.0,A174,2,A192,A201,1
A14,10,A32,A40,1546.0,A61,A73,3.0,A93,A101,2.0,A121,31.0,A143,A152,1.0,A172,2,A191,A202,1
A14,24,A32,A42,929.0,A65,A74,4.0,A93,A101,2.0,A123,31.0,A142,A152,1.0,A173,1,A192,A201,1
A14,4,A34,A40,1455.0,A61,A74,2.0,A93,A101,1.0,A121,42.0,A143,A152,3.0,A172,2,A191,A201,1
A11,15,A32,A42,1845.0,A61,A72,4.0,A92,A103,1.0,A122,46.0,A143,A151,1.0,A173,1,A191,A201,1
A12,48,A30,A40,8358.0,A63,A72,1.0,A92,A101,1.0,A123,30.0,A143,A152,2.0,A173,1,A191,A201,1
A11,24,A31,A42,3349.0,A63,A72,4.0,A93,A101,4.0,A124,30.0,A143,A153,1.0,A173,2,A192,A201,2
A14,12,A32,A40,2859.0,A65,A71,4.0,A93,A101,4.0,A124,38.0,A143,A152,1.0,A174,1,A192,A201,1
A14,18,A32,A42,1533.0,A61,A72,4.0,A94,A102,1.0,A122,43.0,A143,A152,1.0,A172,2,A191,A201,2
A14,24,A32,A43,3621.0,A62,A75,2.0,A93,A101,4.0,A123,31.0,A143,A152,2.0,A173,1,A191,A201,2
A12,18,A34,A49,3590.0,A61,A71,3.0,A94,A101,3.0,A123,40.0,A143,A152,3.0,A171,2,A192,A201,1
A11,36,A33,A49,2145.0,A61,A74,2.0,A93,A101,1.0,A123,24.0,A143,A152,2.0,A173,1,A192,A201,2
A12,24,A32,A41,4113.0,A63,A72,3.0,A92,A101,4.0,A123,28.0,A143,A151,1.0,A173,1,A191,A201,2
A14,36,A32,A42,10974.0,A61,A71,4.0,A92,A101,2.0,A123,26.0,A143,A152,2.0,A174,1,A192,A201,2
A11,12,A32,A40,1893.0,A61,A73,4.0,A92,A103,4.0,A122,29.0,A143,A152,1.0,A173,1,A192,A201,1
A11,24,A34,A43,1231.0,A64,A75,4.0,A92,A101,4.0,A122,57.0,A143,A151,2.0,A174,1,A192,A201,1
A13,30,A34,A43,3656.0,A65,A75,4.0,A93,A101,4.0,A122,49.0,A142,A152,2.0,A172,1,A191,A201,1
A12,9,A34,A43,1154.0,A61,A75,2.0,A93,A101,4.0,A121,37.0,A143,A152,3.0,A172,1,A191,A201,1
A11,28,A32,A40,4006.0,A61,A73,3.0,A93,A101,2.0,A123,45.0,A143,A152,1.0,A172,1,A191,A201,2
A12,24,A32,A42,3069.0,A62,A75,4.0,A93,A101,4.0,A124,30.0,A143,A153,1.0,A173,1,A191,A201,1
A14,6,A34,A43,1740.0,A61,A75,2.0,A94,A101,2.0,A121,30.0,A143,A151,2.0,A173,1,A191,A201,1
A12,21,A33,A40,2353.0,A61,A73,1.0,A91,A101,4.0,A122,47.0,A143,A152,2.0,A173,1,A191,A201,1
A14,15,A32,A40,3556.0,A65,A73,3.0,A93,A101,2.0,A124,29.0,A143,A152,1.0,A173,1,A191,A201,1
A14,24,A32,A43,2397.0,A63,A75,3.0,A93,A101,2.0,A123,35.0,A141,A152,2.0,A173,1,A192,A201,2
A12,6,A32,A45,454.0,A61,A72,3.0,A94,A101,1.0,A122,22.0,A143,A152,1.0,A172,1,A191,A201,1
A12,30,A32,A43,1715.0,A65,A73,4.0,A92,A101,1.0,A123,26.0,A143,A152,1.0,A173,1,A191,A201,1
A12,27,A34,A43,2520.0,A63,A73,4.0,A93,A101,2.0,A122,23.0,A143,A152,2.0,A172,1,A191,A201,2
A14,15,A32,A43,3568.0,A61,A75,4.0,A92,A101,2.0,A123,54.0,A141,A151,1.0,A174,1,A192,A201,1
A14,42,A32,A43,7166.0,A65,A74,2.0,A94,A101,4.0,A122,29.0,A143,A151,1.0,A173,1,A192,A201,1
A11,11,A34,A40,3939.0,A61,A73,1.0,A93,A101,2.0,A121,40.0,A143,A152,2.0,A172,2,A191,A201,1
A12,15,A32,A45,1514.0,A62,A73,4.0,A93,A103,2.0,A121,22.0,A143,A152,1.0,A173,1,A191,A201,1
A14,24,A32,A40,7393.0,A61,A73,1.0,A93,A101,4.0,A122,43.0,A143,A152,1.0,A172,2,A191,A201,1
A11,24,A31,A40,1193.0,A61,A71,1.0,A92,A102,4.0,A124,29.0,A143,A151,2.0,A171,1,A191,A201,2
A11,60,A32,A49,7297.0,A61,A75,4.0,A93,A102,4.0,A124,36.0,A143,A151,1.0,A173,1,A191,A201,2
A14,30,A34,A43,2831.0,A61,A73,4.0,A92,A101,2.0,A123,33.0,A143,A152,1.0,A173,1,A192,A201,1
A13,24,A32,A43,1258.0,A63,A73,3.0,A92,A101,3.0,A123,57.0,A143,A152,1.0,A172,1,A191,A201,1
A12,6,A32,A43,753.0,A61,A73,2.0,A92,A103,3.0,A121,64.0,A143,A152,1.0,A173,1,A191,A201,1
A12,18,A33,A49,2427.0,A65,A75,4.0,A93,A101,2.0,A122,42.0,A143,A152,2.0,A173,1,A191,A201,1
A14,24,A33,A40,2538.0,A61,A75,4.0,A93,A101,4.0,A123,47.0,A143,A152,2.0,A172,2,A191,A201,2
A12,15,A31,A40,1264.0,A62,A73,2.0,A94,A101,2.0,A122,25.0,A143,A151,1.0,A173,1,A191,A201,2
A12,30,A34,A42,8386.0,A61,A74,2.0,A93,A101,2.0,A122,49.0,A143,A152,1.0,A173,1,A191,A201,2
A14,48,A32,A49,4844.0,A61,A71,3.0,A93,A101,2.0,A123,33.0,A141,A151,1.0,A174,1,A192,A201,2
A13,21,A32,A40,2923.0,A62,A73,1.0,A92,A101,1.0,A123,28.0,A141,A152,1.0,A174,1,A192,A201,1
A11,36,A32,A41,8229.0,A61,A73,2.0,A93,A101,2.0,A122,26.0,A143,A152,1.0,A173,2,A191,A201,2
A14,24,A34,A42,2028.0,A61,A74,2.0,A93,A101,2.0,A122,30.0,A143,A152,2.0,A172,1,A191,A201,1
A11,15,A34,A42,1433.0,A61,A73,4.0,A92,A101,3.0,A122,25.0,A143,A151,2.0,A173,1,A191,A201,1
A13,42,A30,A49,6289.0,A61,A72,2.0,A91,A101,1.0,A122,33.0,A143,A152,2.0,A173,1,A191,A201,1
A14,13,A32,A43,1409.0,A62,A71,2.0,A92,A101,4.0,A121,64.0,A143,A152,1.0,A173,1,A191,A201,1
A11,24,A32,A41,6579.0,A61,A71,4.0,A93,A101,2.0,A124,29.0,A143,A153,1.0,A174,1,A192,A201,1
A12,24,A34,A43,1743.0,A61,A75,4.0,A93,A101,2.0,A122,48.0,A143,A152,2.0,A172,1,A191,A201,1
A14,12,A34,A46,3565.0,A65,A72,2.0,A93,A101,1.0,A122,37.0,A143,A152,2.0,A172,2,A191,A201,1
A14,15,A31,A43,1569.0,A62,A75,4.0,A93,A101,4.0,A123,34.0,A141,A152,1.0,A172,2,A191,A201,1
A11,18,A32,A43,1936.0,A65,A74,2.0,A94,A101,4.0,A123,23.0,A143,A151,2.0,A172,1,A191,A201,1
A11,36,A32,A42,3959.0,A61,A71,4.0,A93,A101,3.0,A122,30.0,A143,A152,1.0,A174,1,A192,A201,1
A14,12,A32,A40,2390.0,A65,A75,4.0,A93,A101,3.0,A123,50.0,A143,A152,1.0,A173,1,A192,A201,1
A14,12,A32,A42,1736.0,A61,A74,3.0,A92,A101,4.0,A121,31.0,A143,A152,1.0,A172,1,A191,A201,1
A11,30,A32,A41,3857.0,A61,A73,4.0,A91,A101,4.0,A122,40.0,A143,A152,1.0,A174,1,A192,A201,1
A14,12,A32,A43,804.0,A61,A75,4.0,A93,A101,4.0,A123,38.0,A143,A152,1.0,A173,1,A191,A201,1
A11,45,A32,A43,1845.0,A61,A73,4.0,A93,A101,4.0,A124,23.0,A143,A153,1.0,A173,1,A192,A201,2
A12,45,A34,A41,4576.0,A62,A71,3.0,A93,A101,4.0,A123,27.0,A143,A152,1.0,A173,1,A191,A201,1
